[
  {
    "id": "Outbreaks",
    "min": ["Integer", 0],
    "max": ["Integer", 8],
    "img": ["String", "obmarker.png"],
    "backgroundImg": ["String", "obmarkerbg.png"],
    "imgMax": ["String", "obmarkerlast.png"]
  },
  {
    "id": "Infection Rate",
    "min": ["Integer", 0],
    "max": ["Integer", 6],
    "values": ["Integer[]", [2, 2, 2, 3, 3, 4, 4]],
    "img": ["String", "irmarker.png"],
    "backgroundImg": ["String", "irmarkerbg.png"]
  },
  {
    "id": "Disease yellow",
    "min": ["Integer", 0],
    "max": ["Integer", 2]
  },
  {
    "id": "Disease red",
    "min": ["Integer", 0],
    "max": ["Integer", 2]
  },
  {
    "id": "Disease blue",
    "min": ["Integer", 0],
    "max": ["Integer", 2]
  },
  {
    "id": "Disease black",
    "min": ["Integer", 0],
    "max": ["Integer", 2]
  },

  {
    "id": "Research Stations",
    "min": ["Integer", 0],
    "max": ["Integer", 6]
  },

  {
    "id": "Disease Cube yellow",
    "min": ["Integer", 0],
    "max": ["Integer", 24],
    "count": ["Integer", 24]
  },
  {
    "id": "Disease Cube red",
    "min": ["Integer", 0],
    "max": ["Integer", 24],
    "count": ["Integer", 24]
  },
  {
    "id": "Disease Cube blue",
    "min": ["Integer", 0],
    "max": ["Integer", 24],
    "count": ["Integer", 24]
  },
  {
    "id": "Disease Cube black",
    "min": ["Integer", 0],
    "max": ["Integer", 24],
    "count": ["Integer", 24]
  },
  {
    "id": "Research Stations",
    "min": ["Integer", 0],
    "max": ["Integer", 6],
    "count": ["Integer", 0]
  }
]