[
  {
    "id": "Green pawn",
    "type": ["String", "Pawn"],
    "color": ["Color", "green"],
    "count": ["Integer", 1]
  },
  {
    "id": "Orange pawn",
    "type": ["String", "Pawn"],
    "color": ["Color", "orange"],
    "count": ["Integer", 1]
  },
  {
    "id": "White pawn",
    "type": ["String","Pawn"],
    "color": ["Color", "white"],
    "count": ["Integer", 1]
  },
  {
    "id": "Light green pawn",
    "type": ["String", "Pawn"],
    "color": ["Color", "light green"],
    "count": ["Integer", 1]
  },
  {
    "id": "Brown pawn",
    "type": ["String", "Pawn"],
    "color": ["Color", "brown"],
    "count": ["Integer", 1]
  },
  {
    "id": "Pink pawn",
    "type": ["String", "Pawn"],
    "color": ["Color", "pink"],
    "count": ["Integer", 1]
  },
  {
    "id": "Blue pawn",
    "type": ["String", "Pawn"],
    "color": ["Color", "blue"],
    "count": ["Integer", 1]
  },
  {
    "id": "Research Stations",
    "type": ["String", "research station"],
    "color": ["Color", "white"],
    "count": ["Integer", 6]
  }
]