[
  {
    "type": "graph",
    "verticesKey": "name",
    "neighboursKey": "neighbours",
    "maxNeighbours": -1,
    "id": "cities",
    "img": "fullBoard.jpg",
    "size": ["Vector2D", [1024, 683]],
    "nodes": [
      {
        "name": ["String", "Vancouver"],
        "coordinates": ["Vector2D", [110, 104]],
        "neighbours": [
          {
            "city": ["String", "Calgary"],
            "routeColor": ["String", "wild"],
            "routeLength": ["Integer", 3]
          },
          {
            "city": [
              "String",
              "Seattle"
            ],
            "routeColor": [
              "String",
              "wild"
            ],
            "routeLength": [
              "Integer",
              1
            ]
          },
          {
            "city": [
              "String",
              "Seattle"
            ],
            "routeColor": [
              "String",
              "wild"
            ],
            "routeLength": [
              "Integer",
              1
            ]
          }
        ]
      },
      {
        "name": [
          "String",
          "Calgary"
        ],
        "coordinates": [
          "Vector2D",
          [
            243,
            88
          ]
        ],
        "neighbours": [
          {
            "city": [
              "String",
              "Vancouver"
            ],
            "routeColor": [
              "String",
              "wild"
            ],
            "routeLength": [
              "Integer",
              3
            ]
          },
          {
            "city": [
              "String",
              "Seattle"
            ],
            "routeColor": [
              "String",
              "wild"
            ],
            "routeLength": [
              "Integer",
              4
            ]
          },
          {
            "city": [
              "String",
              "Helena"
            ],
            "routeColor": [
              "String",
              "wild"
            ],
            "routeLength": [
              "Integer",
              4
            ]
          },
          {
            "city": [
              "String",
              "Winnipeg"
            ],
            "routeColor": [
              "String",
              "white"
            ],
            "routeLength": [
              "Integer",
              6
            ]
          }
        ]
      },
      {
        "name": [
          "String",
          "Winnipeg"
        ],
        "coordinates": [
          "Vector2D",
          [
            466,
            97
          ]
        ],
        "neighbours": [
          {
            "city": [
              "String",
              "Calgary"
            ],
            "routeColor": [
              "String",
              "white"
            ],
            "routeLength": [
              "Integer",
              6
            ]
          },
          {
            "city": [
              "String",
              "Helena"
            ],
            "routeColor": [
              "String",
              "blue"
            ],
            "routeLength": [
              "Integer",
              4
            ]
          },
          {
            "city": [
              "String",
              "Duluth"
            ],
            "routeColor": [
              "String",
              "black"
            ],
            "routeLength": [
              "Integer",
              4
            ]
          },
          {
            "city": [
              "String",
              "SaultStMarie"
            ],
            "routeColor": [
              "String",
              "wild"
            ],
            "routeLength": [
              "Integer",
              6
            ]
          }
        ]
      },
      {
        "name": [
          "String",
          "SaultStMarie"
        ],
        "coordinates": [
          "Vector2D",
          [
            706,
            144
          ]
        ],
        "neighbours": [
          {
            "city": [
              "String",
              "Winnipeg"
            ],
            "routeColor": [
              "String",
              "wild"
            ],
            "routeLength": [
              "Integer",
              6
            ]
          },
          {
            "city": [
              "String",
              "Duluth"
            ],
            "routeColor": [
              "String",
              "wild"
            ],
            "routeLength": [
              "Integer",
              3
            ]
          },
          {
            "city": [
              "String",
              "Toronto"
            ],
            "routeColor": [
              "String",
              "wild"
            ],
            "routeLength": [
              "Integer",
              2
            ]
          },
          {
            "city": [
              "String",
              "Montreal"
            ],
            "routeColor": [
              "String",
              "black"
            ],
            "routeLength": [
              "Integer",
              5
            ]
          }
        ]
      },
      {
        "name": [
          "String",
          "Montreal"
        ],
        "coordinates": [
          "Vector2D",
          [
            898,
            80
          ]
        ],
        "neighbours": [
          {
            "city": [
              "String",
              "SaultStMarie"
            ],
            "routeColor": [
              "String",
              "black"
            ],
            "routeLength": [
              "Integer",
              5
            ]
          },
          {
            "city": [
              "String",
              "Toronto"
            ],
            "routeColor": [
              "String",
              "wild"
            ],
            "routeLength": [
              "Integer",
              3
            ]
          },
          {
            "city": [
              "String",
              "NewYork"
            ],
            "routeColor": [
              "String",
              "blue"
            ],
            "routeLength": [
              "Integer",
              3
            ]
          },
          {
            "city": [
              "String",
              "Boston"
            ],
            "routeColor": [
              "String",
              "wild"
            ],
            "routeLength": [
              "Integer",
              2
            ]
          },
          {
            "city": [
              "String",
              "Boston"
            ],
            "routeColor": [
              "String",
              "wild"
            ],
            "routeLength": [
              "Integer",
              2
            ]
          }
        ]
      },
      {
        "name": [
          "String",
          "Seattle"
        ],
        "coordinates": [
          "Vector2D",
          [
            107,
            157
          ]
        ],
        "neighbours": [
          {
            "city": [
              "String",
              "Vancouver"
            ],
            "routeColor": [
              "String",
              "wild"
            ],
            "routeLength": [
              "Integer",
              1
            ]
          },
          {
            "city": [
              "String",
              "Vancouver"
            ],
            "routeColor": [
              "String",
              "wild"
            ],
            "routeLength": [
              "Integer",
              1
            ]
          },
          {
            "city": [
              "String",
              "Calgary"
            ],
            "routeColor": [
              "String",
              "wild"
            ],
            "routeLength": [
              "Integer",
              4
            ]
          },
          {
            "city": [
              "String",
              "Portland"
            ],
            "routeColor": [
              "String",
              "wild"
            ],
            "routeLength": [
              "Integer",
              1
            ]
          },
          {
            "city": [
              "String",
              "Portland"
            ],
            "routeColor": [
              "String",
              "wild"
            ],
            "routeLength": [
              "Integer",
              1
            ]
          },
          {
            "city": [
              "String",
              "Helena"
            ],
            "routeColor": [
              "String",
              "yellow"
            ],
            "routeLength": [
              "Integer",
              6
            ]
          }
        ]
      },
      {
        "name": [
          "String",
          "Portland"
        ],
        "coordinates": [
          "Vector2D",
          [
            85,
            209
          ]
        ],
        "neighbours": [
          {
            "city": [
              "String",
              "Seattle"
            ],
            "routeColor": [
              "String",
              "wild"
            ],
            "routeLength": [
              "Integer",
              1
            ]
          },
          {
            "city": [
              "String",
              "Seattle"
            ],
            "routeColor": [
              "String",
              "wild"
            ],
            "routeLength": [
              "Integer",
              1
            ]
          },
          {
            "city": [
              "String",
              "SanFrancisco"
            ],
            "routeColor": [
              "String",
              "pink"
            ],
            "routeLength": [
              "Integer",
              5
            ]
          },
          {
            "city": [
              "String",
              "SanFrancisco"
            ],
            "routeColor": [
              "String",
              "green"
            ],
            "routeLength": [
              "Integer",
              5
            ]
          },
          {
            "city": [
              "String",
              "SaltLakeCity"
            ],
            "routeColor": [
              "String",
              "blue"
            ],
            "routeLength": [
              "Integer",
              6
            ]
          }
        ]
      },
      {
        "name": [
          "String",
          "SanFrancisco"
        ],
        "coordinates": [
          "Vector2D",
          [
            70,
            406
          ]
        ],
        "neighbours": [
          {
            "city": [
              "String",
              "Portland"
            ],
            "routeColor": [
              "String",
              "pink"
            ],
            "routeLength": [
              "Integer",
              5
            ]
          },
          {
            "city": [
              "String",
              "Portland"
            ],
            "routeColor": [
              "String",
              "green"
            ],
            "routeLength": [
              "Integer",
              5
            ]
          },
          {
            "city": [
              "String",
              "SaltLakeCity"
            ],
            "routeColor": [
              "String",
              "white"
            ],
            "routeLength": [
              "Integer",
              5
            ]
          },
          {
            "city": [
              "String",
              "SaltLakeCity"
            ],
            "routeColor": [
              "String",
              "orange"
            ],
            "routeLength": [
              "Integer",
              5
            ]
          },
          {
            "city": [
              "String",
              "LosAngeles"
            ],
            "routeColor": [
              "String",
              "pink"
            ],
            "routeLength": [
              "Integer",
              3
            ]
          },
          {
            "city": [
              "String",
              "LosAngeles"
            ],
            "routeColor": [
              "String",
              "yellow"
            ],
            "routeLength": [
              "Integer",
              3
            ]
          }
        ]
      },
      {
        "name": [
          "String",
          "SaltLakeCity"
        ],
        "coordinates": [
          "Vector2D",
          [
            270,
            342
          ]
        ],
        "neighbours": [
          {
            "city": [
              "String",
              "SanFrancisco"
            ],
            "routeColor": [
              "String",
              "orange"
            ],
            "routeLength": [
              "Integer",
              5
            ]
          },
          {
            "city": [
              "String",
              "SanFrancisco"
            ],
            "routeColor": [
              "String",
              "white"
            ],
            "routeLength": [
              "Integer",
              5
            ]
          },
          {
            "city": [
              "String",
              "Portland"
            ],
            "routeColor": [
              "String",
              "blue"
            ],
            "routeLength": [
              "Integer",
              6
            ]
          },
          {
            "city": [
              "String",
              "Helena"
            ],
            "routeColor": [
              "String",
              "pink"
            ],
            "routeLength": [
              "Integer",
              3
            ]
          },
          {
            "city": [
              "String",
              "Denver"
            ],
            "routeColor": [
              "String",
              "red"
            ],
            "routeLength": [
              "Integer",
              3
            ]
          },
          {
            "city": [
              "String",
              "Denver"
            ],
            "routeColor": [
              "String",
              "yellow"
            ],
            "routeLength": [
              "Integer",
              3
            ]
          },
          {
            "city": [
              "String",
              "LasVegas"
            ],
            "routeColor": [
              "String",
              "orange"
            ],
            "routeLength": [
              "Integer",
              3
            ]
          }
        ]
      },
      {
        "name": [
          "String",
          "LosAngeles"
        ],
        "coordinates": [
          "Vector2D",
          [
            149,
            508
          ]
        ],
        "neighbours": [
          {
            "city": [
              "String",
              "SanFrancisco"
            ],
            "routeColor": [
              "String",
              "pink"
            ],
            "routeLength": [
              "Integer",
              3
            ]
          },
          {
            "city": [
              "String",
              "SanFrancisco"
            ],
            "routeColor": [
              "String",
              "yellow"
            ],
            "routeLength": [
              "Integer",
              3
            ]
          },
          {
            "city": [
              "String",
              "LasVegas"
            ],
            "routeColor": [
              "String",
              "wild"
            ],
            "routeLength": [
              "Integer",
              2
            ]
          },
          {
            "city": [
              "String",
              "Phoenix"
            ],
            "routeColor": [
              "String",
              "wild"
            ],
            "routeLength": [
              "Integer",
              3
            ]
          },
          {
            "city": [
              "String",
              "ElPaso"
            ],
            "routeColor": [
              "String",
              "black"
            ],
            "routeLength": [
              "Integer",
              6
            ]
          }
        ]
      },
      {
        "name": [
          "String",
          "LasVegas"
        ],
        "coordinates": [
          "Vector2D",
          [
            214,
            451
          ]
        ],
        "neighbours": [
          {
            "city": [
              "String",
              "SaltLakeCity"
            ],
            "routeColor": [
              "String",
              "orange"
            ],
            "routeLength": [
              "Integer",
              3
            ]
          },
          {
            "city": [
              "String",
              "LosAngeles"
            ],
            "routeColor": [
              "String",
              "wild"
            ],
            "routeLength": [
              "Integer",
              2
            ]
          }
        ]
      },
      {
        "name": [
          "String",
          "Helena"
        ],
        "coordinates": [
          "Vector2D",
          [
            340,
            219
          ]
        ],
        "neighbours": [
          {
            "city": [
              "String",
              "Calgary"
            ],
            "routeColor": [
              "String",
              "wild"
            ],
            "routeLength": [
              "Integer",
              4
            ]
          },
          {
            "city": [
              "String",
              "SaltLakeCity"
            ],
            "routeColor": [
              "String",
              "pink"
            ],
            "routeLength": [
              "Integer",
              3
            ]
          },
          {
            "city": [
              "String",
              "Seattle"
            ],
            "routeColor": [
              "String",
              "yellow"
            ],
            "routeLength": [
              "Integer",
              6
            ]
          },
          {
            "city": [
              "String",
              "Winnipeg"
            ],
            "routeColor": [
              "String",
              "blue"
            ],
            "routeLength": [
              "Integer",
              4
            ]
          },
          {
            "city": [
              "String",
              "Duluth"
            ],
            "routeColor": [
              "String",
              "orange"
            ],
            "routeLength": [
              "Integer",
              6
            ]
          },
          {
            "city": [
              "String",
              "Omaha"
            ],
            "routeColor": [
              "String",
              "red"
            ],
            "routeLength": [
              "Integer",
              5
            ]
          },
          {
            "city": [
              "String",
              "Denver"
            ],
            "routeColor": [
              "String",
              "green"
            ],
            "routeLength": [
              "Integer",
              4
            ]
          }
        ]
      },
      {
        "name": [
          "String",
          "Phoenix"
        ],
        "coordinates": [
          "Vector2D",
          [
            268,
            518
          ]
        ],
        "neighbours": [
          {
            "city": [
              "String",
              "LosAngeles"
            ],
            "routeColor": [
              "String",
              "wild"
            ],
            "routeLength": [
              "Integer",
              3
            ]
          },
          {
            "city": [
              "String",
              "Denver"
            ],
            "routeColor": [
              "String",
              "white"
            ],
            "routeLength": [
              "Integer",
              5
            ]
          },
          {
            "city": [
              "String",
              "SantaFe"
            ],
            "routeColor": [
              "String",
              "wild"
            ],
            "routeLength": [
              "Integer",
              3
            ]
          },
          {
            "city": [
              "String",
              "ElPaso"
            ],
            "routeColor": [
              "String",
              "wild"
            ],
            "routeLength": [
              "Integer",
              3
            ]
          }
        ]
      },
      {
        "name": [
          "String",
          "SantaFe"
        ],
        "coordinates": [
          "Vector2D",
          [
            392,
            464
          ]
        ],
        "neighbours": [
          {
            "city": [
              "String",
              "Phoenix"
            ],
            "routeColor": [
              "String",
              "wild"
            ],
            "routeLength": [
              "Integer",
              3
            ]
          },
          {
            "city": [
              "String",
              "Denver"
            ],
            "routeColor": [
              "String",
              "wild"
            ],
            "routeLength": [
              "Integer",
              2
            ]
          },
          {
            "city": [
              "String",
              "OklahomaCity"
            ],
            "routeColor": [
              "String",
              "blue"
            ],
            "routeLength": [
              "Integer",
              3
            ]
          },
          {
            "city": [
              "String",
              "ElPaso"
            ],
            "routeColor": [
              "String",
              "wild"
            ],
            "routeLength": [
              "Integer",
              2
            ]
          }
        ]
      },
      {
        "name": [
          "String",
          "Denver"
        ],
        "coordinates": [
          "Vector2D",
          [
            399,
            374
          ]
        ],
        "neighbours": [
          {
            "city": [
              "String",
              "SaltLakeCity"
            ],
            "routeColor": [
              "String",
              "red"
            ],
            "routeLength": [
              "Integer",
              3
            ]
          },
          {
            "city": [
              "String",
              "SaltLakeCity"
            ],
            "routeColor": [
              "String",
              "yellow"
            ],
            "routeLength": [
              "Integer",
              3
            ]
          },
          {
            "city": [
              "String",
              "Helena"
            ],
            "routeColor": [
              "String",
              "green"
            ],
            "routeLength": [
              "Integer",
              4
            ]
          },
          {
            "city": [
              "String",
              "Omaha"
            ],
            "routeColor": [
              "String",
              "pink"
            ],
            "routeLength": [
              "Integer",
              4
            ]
          },
          {
            "city": [
              "String",
              "KansasCity"
            ],
            "routeColor": [
              "String",
              "black"
            ],
            "routeLength": [
              "Integer",
              4
            ]
          },
          {
            "city": [
              "String",
              "KansasCity"
            ],
            "routeColor": [
              "String",
              "orange"
            ],
            "routeLength": [
              "Integer",
              4
            ]
          },
          {
            "city": [
              "String",
              "OklahomaCity"
            ],
            "routeColor": [
              "String",
              "red"
            ],
            "routeLength": [
              "Integer",
              4
            ]
          },
          {
            "city": [
              "String",
              "SantaFe"
            ],
            "routeColor": [
              "String",
              "wild"
            ],
            "routeLength": [
              "Integer",
              2
            ]
          },
          {
            "city": [
              "String",
              "Phoenix"
            ],
            "routeColor": [
              "String",
              "white"
            ],
            "routeLength": [
              "Integer",
              5
            ]
          }
        ]
      },
      {
        "name": [
          "String",
          "OklahomaCity"
        ],
        "coordinates": [
          "Vector2D",
          [
            548,
            443
          ]
        ],
        "neighbours": [
          {
            "city": [
              "String",
              "SantaFe"
            ],
            "routeColor": [
              "String",
              "blue"
            ],
            "routeLength": [
              "Integer",
              3
            ]
          },
          {
            "city": [
              "String",
              "Denver"
            ],
            "routeColor": [
              "String",
              "red"
            ],
            "routeLength": [
              "Integer",
              4
            ]
          },
          {
            "city": [
              "String",
              "KansasCity"
            ],
            "routeColor": [
              "String",
              "wild"
            ],
            "routeLength": [
              "Integer",
              2
            ]
          },
          {
            "city": [
              "String",
              "KansasCity"
            ],
            "routeColor": [
              "String",
              "wild"
            ],
            "routeLength": [
              "Integer",
              2
            ]
          },
          {
            "city": [
              "String",
              "LittleRock"
            ],
            "routeColor": [
              "String",
              "wild"
            ],
            "routeLength": [
              "Integer",
              2
            ]
          },
          {
            "city": [
              "String",
              "Dallas"
            ],
            "routeColor": [
              "String",
              "wild"
            ],
            "routeLength": [
              "Integer",
              2
            ]
          },
          {
            "city": [
              "String",
              "Dallas"
            ],
            "routeColor": [
              "String",
              "wild"
            ],
            "routeLength": [
              "Integer",
              2
            ]
          },
          {
            "city": [
              "String",
              "ElPaso"
            ],
            "routeColor": [
              "String",
              "yellow"
            ],
            "routeLength": [
              "Integer",
              5
            ]
          }
        ]
      },
      {
        "name": [
          "String",
          "ElPaso"
        ],
        "coordinates": [
          "Vector2D",
          [
            386,
            555
          ]
        ],
        "neighbours": [
          {
            "city": [
              "String",
              "LosAngeles"
            ],
            "routeColor": [
              "String",
              "black"
            ],
            "routeLength": [
              "Integer",
              6
            ]
          },
          {
            "city": [
              "String",
              "Phoenix"
            ],
            "routeColor": [
              "String",
              "wild"
            ],
            "routeLength": [
              "Integer",
              3
            ]
          },
          {
            "city": [
              "String",
              "SantaFe"
            ],
            "routeColor": [
              "String",
              "wild"
            ],
            "routeLength": [
              "Integer",
              2
            ]
          },
          {
            "city": [
              "String",
              "OklahomaCity"
            ],
            "routeColor": [
              "String",
              "yellow"
            ],
            "routeLength": [
              "Integer",
              5
            ]
          },
          {
            "city": [
              "String",
              "Dallas"
            ],
            "routeColor": [
              "String",
              "red"
            ],
            "routeLength": [
              "Integer",
              4
            ]
          },
          {
            "city": [
              "String",
              "Houston"
            ],
            "routeColor": [
              "String",
              "green"
            ],
            "routeLength": [
              "Integer",
              6
            ]
          }
        ]
      },
      {
        "name": [
          "String",
          "Dallas"
        ],
        "coordinates": [
          "Vector2D",
          [
            569,
            530
          ]
        ],
        "neighbours": [
          {
            "city": [
              "String",
              "ElPaso"
            ],
            "routeColor": [
              "String",
              "red"
            ],
            "routeLength": [
              "Integer",
              4
            ]
          },
          {
            "city": [
              "String",
              "OklahomaCity"
            ],
            "routeColor": [
              "String",
              "wild"
            ],
            "routeLength": [
              "Integer",
              2
            ]
          },
          {
            "city": [
              "String",
              "OklahomaCity"
            ],
            "routeColor": [
              "String",
              "wild"
            ],
            "routeLength": [
              "Integer",
              2
            ]
          },
          {
            "city": [
              "String",
              "LittleRock"
            ],
            "routeColor": [
              "String",
              "wild"
            ],
            "routeLength": [
              "Integer",
              2
            ]
          },
          {
            "city": [
              "String",
              "Houston"
            ],
            "routeColor": [
              "String",
              "wild"
            ],
            "routeLength": [
              "Integer",
              1
            ]
          },
          {
            "city": [
              "String",
              "Houston"
            ],
            "routeColor": [
              "String",
              "wild"
            ],
            "routeLength": [
              "Integer",
              1
            ]
          }
        ]
      },
      {
        "name": [
          "String",
          "Houston"
        ],
        "coordinates": [
          "Vector2D",
          [
            611,
            570
          ]
        ],
        "neighbours": [
          {
            "city": [
              "String",
              "ElPaso"
            ],
            "routeColor": [
              "String",
              "green"
            ],
            "routeLength": [
              "Integer",
              6
            ]
          },
          {
            "city": [
              "String",
              "Dallas"
            ],
            "routeColor": [
              "String",
              "wild"
            ],
            "routeLength": [
              "Integer",
              1
            ]
          },
          {
            "city": [
              "String",
              "Dallas"
            ],
            "routeColor": [
              "String",
              "wild"
            ],
            "routeLength": [
              "Integer",
              1
            ]
          },
          {
            "city": [
              "String",
              "NewOrleans"
            ],
            "routeColor": [
              "String",
              "wild"
            ],
            "routeLength": [
              "Integer",
              2
            ]
          }
        ]
      },
      {
        "name": [
          "String",
          "KansasCity"
        ],
        "coordinates": [
          "Vector2D",
          [
            569,
            357
          ]
        ],
        "neighbours": [
          {
            "city": [
              "String",
              "Denver"
            ],
            "routeColor": [
              "String",
              "black"
            ],
            "routeLength": [
              "Integer",
              4
            ]
          },
          {
            "city": [
              "String",
              "Denver"
            ],
            "routeColor": [
              "String",
              "orange"
            ],
            "routeLength": [
              "Integer",
              4
            ]
          },
          {
            "city": [
              "String",
              "Omaha"
            ],
            "routeColor": [
              "String",
              "wild"
            ],
            "routeLength": [
              "Integer",
              1
            ]
          },
          {
            "city": [
              "String",
              "Omaha"
            ],
            "routeColor": [
              "String",
              "wild"
            ],
            "routeLength": [
              "Integer",
              1
            ]
          },
          {
            "city": [
              "String",
              "SaintLouis"
            ],
            "routeColor": [
              "String",
              "blue"
            ],
            "routeLength": [
              "Integer",
              2
            ]
          },
          {
            "city": [
              "String",
              "SaintLouis"
            ],
            "routeColor": [
              "String",
              "pink"
            ],
            "routeLength": [
              "Integer",
              2
            ]
          },
          {
            "city": [
              "String",
              "OklahomaCity"
            ],
            "routeColor": [
              "String",
              "wild"
            ],
            "routeLength": [
              "Integer",
              2
            ]
          },
          {
            "city": [
              "String",
              "OklahomaCity"
            ],
            "routeColor": [
              "String",
              "wild"
            ],
            "routeLength": [
              "Integer",
              2
            ]
          }
        ]
      },
      {
        "name": [
          "String",
          "LittleRock"
        ],
        "coordinates": [
          "Vector2D",
          [
            637,
            446
          ]
        ],
        "neighbours": [
          {
            "city": [
              "String",
              "OklahomaCity"
            ],
            "routeColor": [
              "String",
              "wild"
            ],
            "routeLength": [
              "Integer",
              2
            ]
          },
          {
            "city": [
              "String",
              "SaintLouis"
            ],
            "routeColor": [
              "String",
              "wild"
            ],
            "routeLength": [
              "Integer",
              2
            ]
          },
          {
            "city": [
              "String",
              "Nashville"
            ],
            "routeColor": [
              "String",
              "white"
            ],
            "routeLength": [
              "Integer",
              3
            ]
          },
          {
            "city": [
              "String",
              "NewOrleans"
            ],
            "routeColor": [
              "String",
              "green"
            ],
            "routeLength": [
              "Integer",
              3
            ]
          },
          {
            "city": [
              "String",
              "Dallas"
            ],
            "routeColor": [
              "String",
              "wild"
            ],
            "routeLength": [
              "Integer",
              2
            ]
          }
        ]
      },
      {
        "name": [
          "String",
          "NewOrleans"
        ],
        "coordinates": [
          "Vector2D",
          [
            703,
            559
          ]
        ],
        "neighbours": [
          {
            "city": [
              "String",
              "Houston"
            ],
            "routeColor": [
              "String",
              "wild"
            ],
            "routeLength": [
              "Integer",
              2
            ]
          },
          {
            "city": [
              "String",
              "LittleRock"
            ],
            "routeColor": [
              "String",
              "green"
            ],
            "routeLength": [
              "Integer",
              3
            ]
          },
          {
            "city": [
              "String",
              "Atlanta"
            ],
            "routeColor": [
              "String",
              "yellow"
            ],
            "routeLength": [
              "Integer",
              4
            ]
          },
          {
            "city": [
              "String",
              "Atlanta"
            ],
            "routeColor": [
              "String",
              "orange"
            ],
            "routeLength": [
              "Integer",
              4
            ]
          },
          {
            "city": [
              "String",
              "Miami"
            ],
            "routeColor": [
              "String",
              "red"
            ],
            "routeLength": [
              "Integer",
              6
            ]
          }
        ]
      },
      {
        "name": [
          "String",
          "Duluth"
        ],
        "coordinates": [
          "Vector2D",
          [
            577,
            213
          ]
        ],
        "neighbours": [
          {
            "city": [
              "String",
              "Helena"
            ],
            "routeColor": [
              "String",
              "orange"
            ],
            "routeLength": [
              "Integer",
              6
            ]
          },
          {
            "city": [
              "String",
              "Winnipeg"
            ],
            "routeColor": [
              "String",
              "black"
            ],
            "routeLength": [
              "Integer",
              4
            ]
          },
          {
            "city": [
              "String",
              "SaultStMarie"
            ],
            "routeColor": [
              "String",
              "wild"
            ],
            "routeLength": [
              "Integer",
              3
            ]
          },
          {
            "city": [
              "String",
              "Toronto"
            ],
            "routeColor": [
              "String",
              "pink"
            ],
            "routeLength": [
              "Integer",
              6
            ]
          },
          {
            "city": [
              "String",
              "Chicago"
            ],
            "routeColor": [
              "String",
              "red"
            ],
            "routeLength": [
              "Integer",
              3
            ]
          },
          {
            "city": [
              "String",
              "Omaha"
            ],
            "routeColor": [
              "String",
              "wild"
            ],
            "routeLength": [
              "Integer",
              2
            ]
          },
          {
            "city": [
              "String",
              "Omaha"
            ],
            "routeColor": [
              "String",
              "wild"
            ],
            "routeLength": [
              "Integer",
              2
            ]
          }
        ]
      },
      {
        "name": [
          "String",
          "Omaha"
        ],
        "coordinates": [
          "Vector2D",
          [
            547,
            305
          ]
        ],
        "neighbours": [
          {
            "city": [
              "String",
              "Helena"
            ],
            "routeColor": [
              "String",
              "red"
            ],
            "routeLength": [
              "Integer",
              5
            ]
          },
          {
            "city": [
              "String",
              "Duluth"
            ],
            "routeColor": [
              "String",
              "wild"
            ],
            "routeLength": [
              "Integer",
              2
            ]
          },
          {
            "city": [
              "String",
              "Duluth"
            ],
            "routeColor": [
              "String",
              "wild"
            ],
            "routeLength": [
              "Integer",
              2
            ]
          },
          {
            "city": [
              "String",
              "Chicago"
            ],
            "routeColor": [
              "String",
              "blue"
            ],
            "routeLength": [
              "Integer",
              4
            ]
          },
          {
            "city": [
              "String",
              "KansasCity"
            ],
            "routeColor": [
              "String",
              "wild"
            ],
            "routeLength": [
              "Integer",
              1
            ]
          },
          {
            "city": [
              "String",
              "KansasCity"
            ],
            "routeColor": [
              "String",
              "wild"
            ],
            "routeLength": [
              "Integer",
              1
            ]
          },
          {
            "city": [
              "String",
              "Denver"
            ],
            "routeColor": [
              "String",
              "pink"
            ],
            "routeLength": [
              "Integer",
              4
            ]
          }
        ]
      },
      {
        "name": [
          "String",
          "SaintLouis"
        ],
        "coordinates": [
          "Vector2D",
          [
            656,
            357
          ]
        ],
        "neighbours": [
          {
            "city": [
              "String",
              "KansasCity"
            ],
            "routeColor": [
              "String",
              "pink"
            ],
            "routeLength": [
              "Integer",
              2
            ]
          },
          {
            "city": [
              "String",
              "KansasCity"
            ],
            "routeColor": [
              "String",
              "blue"
            ],
            "routeLength": [
              "Integer",
              2
            ]
          },
          {
            "city": [
              "String",
              "Chicago"
            ],
            "routeColor": [
              "String",
              "green"
            ],
            "routeLength": [
              "Integer",
              2
            ]
          },
          {
            "city": [
              "String",
              "Chicago"
            ],
            "routeColor": [
              "String",
              "white"
            ],
            "routeLength": [
              "Integer",
              2
            ]
          },
          {
            "city": [
              "String",
              "Pittsburgh"
            ],
            "routeColor": [
              "String",
              "green"
            ],
            "routeLength": [
              "Integer",
              5
            ]
          },
          {
            "city": [
              "String",
              "Nashville"
            ],
            "routeColor": [
              "String",
              "wild"
            ],
            "routeLength": [
              "Integer",
              2
            ]
          },
          {
            "city": [
              "String",
              "LittleRock"
            ],
            "routeColor": [
              "String",
              "wild"
            ],
            "routeLength": [
              "Integer",
              2
            ]
          }
        ]
      },
      {
        "name": [
          "String",
          "Chicago"
        ],
        "coordinates": [
          "Vector2D",
          [
            700,
            275
          ]
        ],
        "neighbours": [
          {
            "city": [
              "String",
              "Omaha"
            ],
            "routeColor": [
              "String",
              "blue"
            ],
            "routeLength": [
              "Integer",
              4
            ]
          },
          {
            "city": [
              "String",
              "Duluth"
            ],
            "routeColor": [
              "String",
              "red"
            ],
            "routeLength": [
              "Integer",
              3
            ]
          },
          {
            "city": [
              "String",
              "Toronto"
            ],
            "routeColor": [
              "String",
              "white"
            ],
            "routeLength": [
              "Integer",
              4
            ]
          },
          {
            "city": [
              "String",
              "Pittsburgh"
            ],
            "routeColor": [
              "String",
              "orange"
            ],
            "routeLength": [
              "Integer",
              3
            ]
          },
          {
            "city": [
              "String",
              "Pittsburgh"
            ],
            "routeColor": [
              "String",
              "black"
            ],
            "routeLength": [
              "Integer",
              3
            ]
          },
          {
            "city": [
              "String",
              "SaintLouis"
            ],
            "routeColor": [
              "String",
              "white"
            ],
            "routeLength": [
              "Integer",
              2
            ]
          },
          {
            "city": [
              "String",
              "SaintLouis"
            ],
            "routeColor": [
              "String",
              "green"
            ],
            "routeLength": [
              "Integer",
              2
            ]
          }
        ]
      },
      {
        "name": [
          "String",
          "Toronto"
        ],
        "coordinates": [
          "Vector2D",
          [
            814,
            169
          ]
        ],
        "neighbours": [
          {
            "city": [
              "String",
              "Duluth"
            ],
            "routeColor": [
              "String",
              "pink"
            ],
            "routeLength": [
              "Integer",
              6
            ]
          },
          {
            "city": [
              "String",
              "SaultStMarie"
            ],
            "routeColor": [
              "String",
              "wild"
            ],
            "routeLength": [
              "Integer",
              2
            ]
          },
          {
            "city": [
              "String",
              "Montreal"
            ],
            "routeColor": [
              "String",
              "wild"
            ],
            "routeLength": [
              "Integer",
              3
            ]
          },
          {
            "city": [
              "String",
              "Pittsburgh"
            ],
            "routeColor": [
              "String",
              "wild"
            ],
            "routeLength": [
              "Integer",
              2
            ]
          },
          {
            "city": [
              "String",
              "Chicago"
            ],
            "routeColor": [
              "String",
              "white"
            ],
            "routeLength": [
              "Integer",
              4
            ]
          }
        ]
      },
      {
        "name": [
          "String",
          "Pittsburgh"
        ],
        "coordinates": [
          "Vector2D",
          [
            830,
            260
          ]
        ],
        "neighbours": [
          {
            "city": [
              "String",
              "Chicago"
            ],
            "routeColor": [
              "String",
              "black"
            ],
            "routeLength": [
              "Integer",
              3
            ]
          },
          {
            "city": [
              "String",
              "Chicago"
            ],
            "routeColor": [
              "String",
              "orange"
            ],
            "routeLength": [
              "Integer",
              3
            ]
          },
          {
            "city": [
              "String",
              "Toronto"
            ],
            "routeColor": [
              "String",
              "wild"
            ],
            "routeLength": [
              "Integer",
              2
            ]
          },
          {
            "city": [
              "String",
              "NewYork"
            ],
            "routeColor": [
              "String",
              "white"
            ],
            "routeLength": [
              "Integer",
              2
            ]
          },
          {
            "city": [
              "String",
              "NewYork"
            ],
            "routeColor": [
              "String",
              "green"
            ],
            "routeLength": [
              "Integer",
              2
            ]
          },
          {
            "city": [
              "String",
              "Washington"
            ],
            "routeColor": [
              "String",
              "wild"
            ],
            "routeLength": [
              "Integer",
              2
            ]
          },
          {
            "city": [
              "String",
              "Raleigh"
            ],
            "routeColor": [
              "String",
              "wild"
            ],
            "routeLength": [
              "Integer",
              2
            ]
          },
          {
            "city": [
              "String",
              "Nashville"
            ],
            "routeColor": [
              "String",
              "yellow"
            ],
            "routeLength": [
              "Integer",
              4
            ]
          },
          {
            "city": [
              "String",
              "SaintLouis"
            ],
            "routeColor": [
              "String",
              "green"
            ],
            "routeLength": [
              "Integer",
              5
            ]
          }
        ]
      },
      {
        "name": [
          "String",
          "Nashville"
        ],
        "coordinates": [
          "Vector2D",
          [
            748,
            397
          ]
        ],
        "neighbours": [
          {
            "city": [
              "String",
              "SaintLouis"
            ],
            "routeColor": [
              "String",
              "wild"
            ],
            "routeLength": [
              "Integer",
              2
            ]
          },
          {
            "city": [
              "String",
              "Pittsburgh"
            ],
            "routeColor": [
              "String",
              "yellow"
            ],
            "routeLength": [
              "Integer",
              4
            ]
          },
          {
            "city": [
              "String",
              "Raleigh"
            ],
            "routeColor": [
              "String",
              "black"
            ],
            "routeLength": [
              "Integer",
              3
            ]
          },
          {
            "city": [
              "String",
              "Atlanta"
            ],
            "routeColor": [
              "String",
              "wild"
            ],
            "routeLength": [
              "Integer",
              1
            ]
          },
          {
            "city": [
              "String",
              "LittleRock"
            ],
            "routeColor": [
              "String",
              "white"
            ],
            "routeLength": [
              "Integer",
              3
            ]
          }
        ]
      },
      {
        "name": [
          "String",
          "Raleigh"
        ],
        "coordinates": [
          "Vector2D",
          [
            864,
            372
          ]
        ],
        "neighbours": [
          {
            "city": [
              "String",
              "Nashville"
            ],
            "routeColor": [
              "String",
              "black"
            ],
            "routeLength": [
              "Integer",
              3
            ]
          },
          {
            "city": [
              "String",
              "Pittsburgh"
            ],
            "routeColor": [
              "String",
              "wild"
            ],
            "routeLength": [
              "Integer",
              2
            ]
          },
          {
            "city": [
              "String",
              "Washington"
            ],
            "routeColor": [
              "String",
              "wild"
            ],
            "routeLength": [
              "Integer",
              2
            ]
          },
          {
            "city": [
              "String",
              "Washington"
            ],
            "routeColor": [
              "String",
              "wild"
            ],
            "routeLength": [
              "Integer",
              2
            ]
          },
          {
            "city": [
              "String",
              "Charleston"
            ],
            "routeColor": [
              "String",
              "wild"
            ],
            "routeLength": [
              "Integer",
              2
            ]
          },
          {
            "city": [
              "String",
              "Atlanta"
            ],
            "routeColor": [
              "String",
              "wild"
            ],
            "routeLength": [
              "Integer",
              2
            ]
          },
          {
            "city": [
              "String",
              "Atlanta"
            ],
            "routeColor": [
              "String",
              "wild"
            ],
            "routeLength": [
              "Integer",
              2
            ]
          }
        ]
      },
      {
        "name": [
          "String",
          "Atlanta"
        ],
        "coordinates": [
          "Vector2D",
          [
            800,
            433
          ]
        ],
        "neighbours": [
          {
            "city": [
              "String",
              "Nashville"
            ],
            "routeColor": [
              "String",
              "wild"
            ],
            "routeLength": [
              "Integer",
              1
            ]
          },
          {
            "city": [
              "String",
              "Raleigh"
            ],
            "routeColor": [
              "String",
              "wild"
            ],
            "routeLength": [
              "Integer",
              2
            ]
          },
          {
            "city": [
              "String",
              "Raleigh"
            ],
            "routeColor": [
              "String",
              "wild"
            ],
            "routeLength": [
              "Integer",
              2
            ]
          },
          {
            "city": [
              "String",
              "Charleston"
            ],
            "routeColor": [
              "String",
              "wild"
            ],
            "routeLength": [
              "Integer",
              2
            ]
          },
          {
            "city": [
              "String",
              "Miami"
            ],
            "routeColor": [
              "String",
              "blue"
            ],
            "routeLength": [
              "Integer",
              5
            ]
          },
          {
            "city": [
              "String",
              "NewOrleans"
            ],
            "routeColor": [
              "String",
              "orange"
            ],
            "routeLength": [
              "Integer",
              4
            ]
          },
          {
            "city": [
              "String",
              "NewOrleans"
            ],
            "routeColor": [
              "String",
              "yellow"
            ],
            "routeLength": [
              "Integer",
              4
            ]
          }
        ]
      },
      {
        "name": [
          "String",
          "Miami"
        ],
        "coordinates": [
          "Vector2D",
          [
            924,
            597
          ]
        ],
        "neighbours": [
          {
            "city": [
              "String",
              "NewOrleans"
            ],
            "routeColor": [
              "String",
              "red"
            ],
            "routeLength": [
              "Integer",
              6
            ]
          },
          {
            "city": [
              "String",
              "Atlanta"
            ],
            "routeColor": [
              "String",
              "blue"
            ],
            "routeLength": [
              "Integer",
              5
            ]
          },
          {
            "city": [
              "String",
              "Charleston"
            ],
            "routeColor": [
              "String",
              "pink"
            ],
            "routeLength": [
              "Integer",
              4
            ]
          }
        ]
      },
      {
        "name": [
          "String",
          "Charleston"
        ],
        "coordinates": [
          "Vector2D",
          [
            894,
            439
          ]
        ],
        "neighbours": [
          {
            "city": [
              "String",
              "Atlanta"
            ],
            "routeColor": [
              "String",
              "wild"
            ],
            "routeLength": [
              "Integer",
              2
            ]
          },
          {
            "city": [
              "String",
              "Raleigh"
            ],
            "routeColor": [
              "String",
              "wild"
            ],
            "routeLength": [
              "Integer",
              2
            ]
          },
          {
            "city": [
              "String",
              "Miami"
            ],
            "routeColor": [
              "String",
              "pink"
            ],
            "routeLength": [
              "Integer",
              4
            ]
          }
        ]
      },
      {
        "name": [
          "String",
          "Washington"
        ],
        "coordinates": [
          "Vector2D",
          [
            923,
            305
          ]
        ],
        "neighbours": [
          {
            "city": [
              "String",
              "Pittsburgh"
            ],
            "routeColor": [
              "String",
              "wild"
            ],
            "routeLength": [
              "Integer",
              2
            ]
          },
          {
            "city": [
              "String",
              "NewYork"
            ],
            "routeColor": [
              "String",
              "orange"
            ],
            "routeLength": [
              "Integer",
              2
            ]
          },
          {
            "city": [
              "String",
              "NewYork"
            ],
            "routeColor": [
              "String",
              "black"
            ],
            "routeLength": [
              "Integer",
              2
            ]
          },
          {
            "city": [
              "String",
              "Raleigh"
            ],
            "routeColor": [
              "String",
              "wild"
            ],
            "routeLength": [
              "Integer",
              2
            ]
          },
          {
            "city": [
              "String",
              "Raleigh"
            ],
            "routeColor": [
              "String",
              "wild"
            ],
            "routeLength": [
              "Integer",
              2
            ]
          }
        ]
      },
      {
        "name": [
          "String",
          "NewYork"
        ],
        "coordinates": [
          "Vector2D",
          [
            916,
            214
          ]
        ],
        "neighbours": [
          {
            "city": [
              "String",
              "Montreal"
            ],
            "routeColor": [
              "String",
              "blue"
            ],
            "routeLength": [
              "Integer",
              3
            ]
          },
          {
            "city": [
              "String",
              "Boston"
            ],
            "routeColor": [
              "String",
              "yellow"
            ],
            "routeLength": [
              "Integer",
              2
            ]
          },
          {
            "city": [
              "String",
              "Boston"
            ],
            "routeColor": [
              "String",
              "red"
            ],
            "routeLength": [
              "Integer",
              2
            ]
          },
          {
            "city": [
              "String",
              "Washington"
            ],
            "routeColor": [
              "String",
              "black"
            ],
            "routeLength": [
              "Integer",
              2
            ]
          },
          {
            "city": [
              "String",
              "Washington"
            ],
            "routeColor": [
              "String",
              "orange"
            ],
            "routeLength": [
              "Integer",
              2
            ]
          },
          {
            "city": [
              "String",
              "Pittsburgh"
            ],
            "routeColor": [
              "String",
              "green"
            ],
            "routeLength": [
              "Integer",
              2
            ]
          },
          {
            "city": [
              "String",
              "Pittsburgh"
            ],
            "routeColor": [
              "String",
              "white"
            ],
            "routeLength": [
              "Integer",
              2
            ]
          }
        ]
      },
      {
        "name": [
          "String",
          "Boston"
        ],
        "coordinates": [
          "Vector2D",
          [
            968,
            141
          ]
        ],
        "neighbours": [
          {
            "city": [
              "String",
              "Montreal"
            ],
            "routeColor": [
              "String",
              "wild"
            ],
            "routeLength": [
              "Integer",
              2
            ]
          },
          {
            "city": [
              "String",
              "Montreal"
            ],
            "routeColor": [
              "String",
              "wild"
            ],
            "routeLength": [
              "Integer",
              2
            ]
          },
          {
            "city": [
              "String",
              "NewYork"
            ],
            "routeColor": [
              "String",
              "red"
            ],
            "routeLength": [
              "Integer",
              2
            ]
          },
          {
            "city": [
              "String",
              "NewYork"
            ],
            "routeColor": [
              "String",
              "yellow"
            ],
            "routeLength": [
              "Integer",
              2
            ]
          }
        ]
      }
    ]
  }
]
