[
  {
    "type": "graph",
    "verticesKey": "name",
    "neighboursKey": "neighbours",
    "maxNeighbours": -1,
    "id": "cities",
    "img": "germanyBoard.jpg",
    "size": [
      "Vector2D",
      [
        1000,
        1500
      ]
    ],
    "nodes": [
      {
        "name": [
          "String",
          "Denmark"
        ],
        "coordinates": [
          "Vector2D",
          [
            436,
            63
          ]
        ],
        "neighbours": [
          {
            "city": [
              "String",
              "Kiel"
            ],
            "routeColor": [
              "String",
              "wild"
            ],
            "routeLength": [
              "Integer",
              2
            ]
          },
          {
            "city": [
              "String",
              "Bremerhaven"
            ],
            "routeColor": [
              "String",
              "green"
            ],
            "routeLength": [
              "Integer",
              5
            ]
          }
        ]
      },
      {
        "name": [
          "String",
          "Kiel"
        ],
        "coordinates": [
          "Vector2D",
          [
            486,
            175
          ]
        ],
        "neighbours": [
          {
            "city": [
              "String",
              "Denmark"
            ],
            "routeColor": [
              "String",
              "wild"
            ],
            "routeLength": [
              "Integer",
              2
            ]
          },
          {
            "city": [
              "String",
              "Bremerhaven"
            ],
            "routeColor": [
              "String",
              "wild"
            ],
            "routeLength": [
              "Integer",
              3
            ]
          },
          {
            "city": [
              "String",
              "Rostock"
            ],
            "routeColor": [
              "String",
              "orange"
            ],
            "routeLength": [
              "Integer",
              4
            ]
          },
          {
            "city": [
              "String",
              "Schwerin"
            ],
            "routeColor": [
              "String",
              "yellow"
            ],
            "routeLength": [
              "Integer",
              3
            ]
          },
          {
            "city": [
              "String",
              "Hamburg"
            ],
            "routeColor": [
              "String",
              "black"
            ],
            "routeLength": [
              "Integer",
              2
            ]
          },
          {
            "city": [
              "String",
              "Hamburg"
            ],
            "routeColor": [
              "String",
              "pink"
            ],
            "routeLength": [
              "Integer",
              2
            ]
          }
        ]
      },
      {
        "name": [
          "String",
          "Rostock"
        ],
        "coordinates": [
          "Vector2D",
          [
            724,
            180
          ]
        ],
        "neighbours": [
          {
            "city": [
              "String",
              "Kiel"
            ],
            "routeColor": [
              "String",
              "orange"
            ],
            "routeLength": [
              "Integer",
              4
            ]
          },
          {
            "city": [
              "String",
              "Schwerin"
            ],
            "routeColor": [
              "String",
              "red"
            ],
            "routeLength": [
              "Integer",
              2
            ]
          },
          {
            "city": [
              "String",
              "Berlin"
            ],
            "routeColor": [
              "String",
              "pink"
            ],
            "routeLength": [
              "Integer",
              6
            ]
          }
        ]
      },
      {
        "name": [
          "String",
          "Emden"
        ],
        "coordinates": [
          "Vector2D",
          [
            162,
            337
          ]
        ],
        "neighbours": [
          {
            "city": [
              "String",
              "Netherlands"
            ],
            "routeColor": [
              "String",
              "white"
            ],
            "routeLength": [
              "Integer",
              2
            ]
          },
          {
            "city": [
              "String",
              "Bremerhaven"
            ],
            "routeColor": [
              "String",
              "wild"
            ],
            "routeLength": [
              "Integer",
              3
            ]
          },
          {
            "city": [
              "String",
              "Bremen"
            ],
            "routeColor": [
              "String",
              "blue"
            ],
            "routeLength": [
              "Integer",
              3
            ]
          },
          {
            "city": [
              "String",
              "Münster"
            ],
            "routeColor": [
              "String",
              "red"
            ],
            "routeLength": [
              "Integer",
              4
            ]
          }
        ]
      },
      {
        "name": [
          "String",
          "Bremerhaven"
        ],
        "coordinates": [
          "Vector2D",
          [
            334,
            313
          ]
        ],
        "neighbours": [
          {
            "city": [
              "String",
              "Emden"
            ],
            "routeColor": [
              "String",
              "wild"
            ],
            "routeLength": [
              "Integer",
              3
            ]
          },
          {
            "city": [
              "String",
              "Kiel"
            ],
            "routeColor": [
              "String",
              "wild"
            ],
            "routeLength": [
              "Integer",
              3
            ]
          },
          {
            "city": [
              "String",
              "Bremen"
            ],
            "routeColor": [
              "String",
              "white"
            ],
            "routeLength": [
              "Integer",
              1
            ]
          },
          {
            "city": [
              "String",
              "Hamburg"
            ],
            "routeColor": [
              "String",
              "wild"
            ],
            "routeLength": [
              "Integer",
              3
            ]
          },
          {
            "city": [
              "String",
              "Denmark"
            ],
            "routeColor": [
              "String",
              "green"
            ],
            "routeLength": [
              "Integer",
              5
            ]
          }
        ]
      },
      {
        "name": [
          "String",
          "Hamburg"
        ],
        "coordinates": [
          "Vector2D",
          [
            509,
            313
          ]
        ],
        "neighbours": [
          {
            "city": [
              "String",
              "Kiel"
            ],
            "routeColor": [
              "String",
              "black"
            ],
            "routeLength": [
              "Integer",
              2
            ]
          },
          {
            "city": [
              "String",
              "Kiel"
            ],
            "routeColor": [
              "String",
              "pink"
            ],
            "routeLength": [
              "Integer",
              2
            ]
          },
          {
            "city": [
              "String",
              "Bremerhaven"
            ],
            "routeColor": [
              "String",
              "wild"
            ],
            "routeLength": [
              "Integer",
              3
            ]
          },
          {
            "city": [
              "String",
              "Schwerin"
            ],
            "routeColor": [
              "String",
              "green"
            ],
            "routeLength": [
              "Integer",
              2
            ]
          },
          {
            "city": [
              "String",
              "Bremen"
            ],
            "routeColor": [
              "String",
              "orange"
            ],
            "routeLength": [
              "Integer",
              3
            ]
          },
          {
            "city": [
              "String",
              "Hannover"
            ],
            "routeColor": [
              "String",
              "red"
            ],
            "routeLength": [
              "Integer",
              4
            ]
          },
          {
            "city": [
              "String",
              "Hannover"
            ],
            "routeColor": [
              "String",
              "white"
            ],
            "routeLength": [
              "Integer",
              4
            ]
          },
          {
            "city": [
              "String",
              "Berlin"
            ],
            "routeColor": [
              "String",
              "yellow"
            ],
            "routeLength": [
              "Integer",
              7
            ]
          },
          {
            "city": [
              "String",
              "Berlin"
            ],
            "routeColor": [
              "String",
              "blue"
            ],
            "routeLength": [
              "Integer",
              7
            ]
          }
        ]
      },
      {
        "name": [
          "String",
          "Schwerin"
        ],
        "coordinates": [
          "Vector2D",
          [
            642,
            295
          ]
        ],
        "neighbours": [
          {
            "city": [
              "String",
              "Kiel"
            ],
            "routeColor": [
              "String",
              "yellow"
            ],
            "routeLength": [
              "Integer",
              3
            ]
          },
          {
            "city": [
              "String",
              "Hamburg"
            ],
            "routeColor": [
              "String",
              "green"
            ],
            "routeLength": [
              "Integer",
              2
            ]
          },
          {
            "city": [
              "String",
              "Rostock"
            ],
            "routeColor": [
              "String",
              "red"
            ],
            "routeLength": [
              "Integer",
              2
            ]
          },
          {
            "city": [
              "String",
              "Berlin"
            ],
            "routeColor": [
              "String",
              "white"
            ],
            "routeLength": [
              "Integer",
              5
            ]
          }
        ]
      },
      {
        "name": [
          "String",
          "Bremen"
        ],
        "coordinates": [
          "Vector2D",
          [
            342,
            398
          ]
        ],
        "neighbours": [
          {
            "city": [
              "String",
              "Emden"
            ],
            "routeColor": [
              "String",
              "blue"
            ],
            "routeLength": [
              "Integer",
              3
            ]
          },
          {
            "city": [
              "String",
              "Bremerhaven"
            ],
            "routeColor": [
              "String",
              "white"
            ],
            "routeLength": [
              "Integer",
              1
            ]
          },
          {
            "city": [
              "String",
              "Hamburg"
            ],
            "routeColor": [
              "String",
              "orange"
            ],
            "routeLength": [
              "Integer",
              3
            ]
          },
          {
            "city": [
              "String",
              "Münster"
            ],
            "routeColor": [
              "String",
              "black"
            ],
            "routeLength": [
              "Integer",
              3
            ]
          },
          {
            "city": [
              "String",
              "Hannover"
            ],
            "routeColor": [
              "String",
              "yellow"
            ],
            "routeLength": [
              "Integer",
              3
            ]
          }
        ]
      },
      {
        "name": [
          "String",
          "Netherlands"
        ],
        "coordinates": [
          "Vector2D",
          [
            80,
            481
          ]
        ],
        "neighbours": [
          {
            "city": [
              "String",
              "Emden"
            ],
            "routeColor": [
              "String",
              "white"
            ],
            "routeLength": [
              "Integer",
              2
            ]
          },
          {
            "city": [
              "String",
              "Münster"
            ],
            "routeColor": [
              "String",
              "orange"
            ],
            "routeLength": [
              "Integer",
              2
            ]
          },
          {
            "city": [
              "String",
              "Düsseldorf"
            ],
            "routeColor": [
              "String",
              "pink"
            ],
            "routeLength": [
              "Integer",
              3
            ]
          }
        ]
      },
      {
        "name": [
          "String",
          "Münster"
        ],
        "coordinates": [
          "Vector2D",
          [
            218,
            575
          ]
        ],
        "neighbours": [
          {
            "city": [
              "String",
              "Netherlands"
            ],
            "routeColor": [
              "String",
              "orange"
            ],
            "routeLength": [
              "Integer",
              2
            ]
          },
          {
            "city": [
              "String",
              "Emden"
            ],
            "routeColor": [
              "String",
              "red"
            ],
            "routeLength": [
              "Integer",
              4
            ]
          },
          {
            "city": [
              "String",
              "Bremen"
            ],
            "routeColor": [
              "String",
              "black"
            ],
            "routeLength": [
              "Integer",
              3
            ]
          },
          {
            "city": [
              "String",
              "Hannover"
            ],
            "routeColor": [
              "String",
              "pink"
            ],
            "routeLength": [
              "Integer",
              4
            ]
          },
          {
            "city": [
              "String",
              "Dortmund"
            ],
            "routeColor": [
              "String",
              "wild"
            ],
            "routeLength": [
              "Integer",
              1
            ]
          },
          {
            "city": [
              "String",
              "Dortmund"
            ],
            "routeColor": [
              "String",
              "wild"
            ],
            "routeLength": [
              "Integer",
              1
            ]
          }
        ]
      },
      {
        "name": [
          "String",
          "Hannover"
        ],
        "coordinates": [
          "Vector2D",
          [
            452,
            540
          ]
        ],
        "neighbours": [
          {
            "city": [
              "String",
              "Münster"
            ],
            "routeColor": [
              "String",
              "pink"
            ],
            "routeLength": [
              "Integer",
              4
            ]
          },
          {
            "city": [
              "String",
              "Bremen"
            ],
            "routeColor": [
              "String",
              "yellow"
            ],
            "routeLength": [
              "Integer",
              3
            ]
          },
          {
            "city": [
              "String",
              "Hamburg"
            ],
            "routeColor": [
              "String",
              "red"
            ],
            "routeLength": [
              "Integer",
              4
            ]
          },
          {
            "city": [
              "String",
              "Hamburg"
            ],
            "routeColor": [
              "String",
              "white"
            ],
            "routeLength": [
              "Integer",
              4
            ]
          },
          {
            "city": [
              "String",
              "Berlin"
            ],
            "routeColor": [
              "String",
              "black"
            ],
            "routeLength": [
              "Integer",
              7
            ]
          },
          {
            "city": [
              "String",
              "Magdeburg"
            ],
            "routeColor": [
              "String",
              "blue"
            ],
            "routeLength": [
              "Integer",
              4
            ]
          },
          {
            "city": [
              "String",
              "Erfurt"
            ],
            "routeColor": [
              "String",
              "green"
            ],
            "routeLength": [
              "Integer",
              5
            ]
          },
          {
            "city": [
              "String",
              "Erfurt"
            ],
            "routeColor": [
              "String",
              "orange"
            ],
            "routeLength": [
              "Integer",
              5
            ]
          },
          {
            "city": [
              "String",
              "Kassel"
            ],
            "routeColor": [
              "String",
              "wild"
            ],
            "routeLength": [
              "Integer",
              3
            ]
          },
          {
            "city": [
              "String",
              "Kassel"
            ],
            "routeColor": [
              "String",
              "wild"
            ],
            "routeLength": [
              "Integer",
              3
            ]
          }
        ]
      },
      {
        "name": [
          "String",
          "Berlin"
        ],
        "coordinates": [
          "Vector2D",
          [
            863,
            491
          ]
        ],
        "neighbours": [
          {
            "city": [
              "String",
              "Hannover"
            ],
            "routeColor": [
              "String",
              "black"
            ],
            "routeLength": [
              "Integer",
              7
            ]
          },
          {
            "city": [
              "String",
              "Hamburg"
            ],
            "routeColor": [
              "String",
              "yellow"
            ],
            "routeLength": [
              "Integer",
              7
            ]
          },
          {
            "city": [
              "String",
              "Hamburg"
            ],
            "routeColor": [
              "String",
              "blue"
            ],
            "routeLength": [
              "Integer",
              7
            ]
          },
          {
            "city": [
              "String",
              "Schwerin"
            ],
            "routeColor": [
              "String",
              "white"
            ],
            "routeLength": [
              "Integer",
              5
            ]
          },
          {
            "city": [
              "String",
              "Rostock"
            ],
            "routeColor": [
              "String",
              "pink"
            ],
            "routeLength": [
              "Integer",
              6
            ]
          },
          {
            "city": [
              "String",
              "Dresden"
            ],
            "routeColor": [
              "String",
              "green"
            ],
            "routeLength": [
              "Integer",
              5
            ]
          },
          {
            "city": [
              "String",
              "Leipzig"
            ],
            "routeColor": [
              "String",
              "orange"
            ],
            "routeLength": [
              "Integer",
              4
            ]
          },
          {
            "city": [
              "String",
              "Magdeburg"
            ],
            "routeColor": [
              "String",
              "red"
            ],
            "routeLength": [
              "Integer",
              3
            ]
          }
        ]
      },
      {
        "name": [
          "String",
          "Düsseldorf"
        ],
        "coordinates": [
          "Vector2D",
          [
            119,
            708
          ]
        ],
        "neighbours": [
          {
            "city": [
              "String",
              "Netherlands"
            ],
            "routeColor": [
              "String",
              "pink"
            ],
            "routeLength": [
              "Integer",
              3
            ]
          },
          {
            "city": [
              "String",
              "Dortmund"
            ],
            "routeColor": [
              "String",
              "wild"
            ],
            "routeLength": [
              "Integer",
              1
            ]
          },
		  {
            "city": [
              "String",
              "Dortmund"
            ],
            "routeColor": [
              "String",
              "wild"
            ],
            "routeLength": [
              "Integer",
              1
            ]
          },
		  {
            "city": [
              "String",
              "Dortmund"
            ],
            "routeColor": [
              "String",
              "wild"
            ],
            "routeLength": [
              "Integer",
              1
            ]
          },
          {
            "city": [
              "String",
              "Köln"
            ],
            "routeColor": [
              "String",
              "wild"
            ],
            "routeLength": [
              "Integer",
              1
            ]
          },
		  {
            "city": [
              "String",
              "Köln"
            ],
            "routeColor": [
              "String",
              "wild"
            ],
            "routeLength": [
              "Integer",
              1
            ]
          },
		  {
            "city": [
              "String",
              "Köln"
            ],
            "routeColor": [
              "String",
              "wild"
            ],
            "routeLength": [
              "Integer",
              1
            ]
          }
        ]
      },
      {
        "name": [
          "String",
          "Dortmund"
        ],
        "coordinates": [
          "Vector2D",
          [
            203,
            670
          ]
        ],
        "neighbours": [
          {
            "city": [
              "String",
              "Düsseldorf"
            ],
            "routeColor": [
              "String",
              "wild"
            ],
            "routeLength": [
              "Integer",
              1
            ]
          },
		  {
            "city": [
              "String",
              "Düsseldorf"
            ],
            "routeColor": [
              "String",
              "wild"
            ],
            "routeLength": [
              "Integer",
              1
            ]
          },
		  {
            "city": [
              "String",
              "Düsseldorf"
            ],
            "routeColor": [
              "String",
              "wild"
            ],
            "routeLength": [
              "Integer",
              1
            ]
          },
          {
            "city": [
              "String",
              "Münster"
            ],
            "routeColor": [
              "String",
              "wild"
            ],
            "routeLength": [
              "Integer",
              1
            ]
          },
		  {
            "city": [
              "String",
              "Münster"
            ],
            "routeColor": [
              "String",
              "wild"
            ],
            "routeLength": [
              "Integer",
              1
            ]
          },
          {
            "city": [
              "String",
              "Kassel"
            ],
            "routeColor": [
              "String",
              "green"
            ],
            "routeLength": [
              "Integer",
              4
            ]
          }
        ]
      },
      {
        "name": [
          "String",
          "Kassel"
        ],
        "coordinates": [
          "Vector2D",
          [
            434,
            726
          ]
        ],
        "neighbours": [
          {
            "city": [
              "String",
              "Dortmund"
            ],
            "routeColor": [
              "String",
              "green"
            ],
            "routeLength": [
              "Integer",
              4
            ]
          },
          {
            "city": [
              "String",
              "Hannover"
            ],
            "routeColor": [
              "String",
              "wild"
            ],
            "routeLength": [
              "Integer",
              3
            ]
          },
		  {
            "city": [
              "String",
              "Hannover"
            ],
            "routeColor": [
              "String",
              "wild"
            ],
            "routeLength": [
              "Integer",
              3
            ]
          },
          {
            "city": [
              "String",
              "Erfurt"
            ],
            "routeColor": [
              "String",
              "wild"
            ],
            "routeLength": [
              "Integer",
              3
            ]
          },
          {
            "city": [
              "String",
              "Frankfurt"
            ],
            "routeColor": [
              "String",
              "white"
            ],
            "routeLength": [
              "Integer",
              4
            ]
          },
          {
            "city": [
              "String",
              "Frankfurt"
            ],
            "routeColor": [
              "String",
              "blue"
            ],
            "routeLength": [
              "Integer",
              4
            ]
          }
        ]
      },
      {
        "name": [
          "String",
          "Magdeburg"
        ],
        "coordinates": [
          "Vector2D",
          [
            693,
            578
          ]
        ],
        "neighbours": [
          {
            "city": [
              "String",
              "Hannover"
            ],
            "routeColor": [
              "String",
              "blue"
            ],
            "routeLength": [
              "Integer",
              4
            ]
          },
          {
            "city": [
              "String",
              "Berlin"
            ],
            "routeColor": [
              "String",
              "red"
            ],
            "routeLength": [
              "Integer",
              3
            ]
          },
          {
            "city": [
              "String",
              "Leipzig"
            ],
            "routeColor": [
              "String",
              "yellow"
            ],
            "routeLength": [
              "Integer",
              2
            ]
          }
        ]
      },
      {
        "name": [
          "String",
          "Erfurt"
        ],
        "coordinates": [
          "Vector2D",
          [
            600,
            785
          ]
        ],
        "neighbours": [
          {
            "city": [
              "String",
              "Kassel"
            ],
            "routeColor": [
              "String",
              "wild"
            ],
            "routeLength": [
              "Integer",
              3
            ]
          },
          {
            "city": [
              "String",
              "Hannover"
            ],
            "routeColor": [
              "String",
              "orange"
            ],
            "routeLength": [
              "Integer",
              5
            ]
          },
		  {
            "city": [
              "String",
              "Hannover"
            ],
            "routeColor": [
              "String",
              "green"
            ],
            "routeLength": [
              "Integer",
              5
            ]
          },
          {
            "city": [
              "String",
              "Leipzig"
            ],
            "routeColor": [
              "String",
              "red"
            ],
            "routeLength": [
              "Integer",
              3
            ]
          },
          {
            "city": [
              "String",
              "Chemnitz"
            ],
            "routeColor": [
              "String",
              "black"
            ],
            "routeLength": [
              "Integer",
              4
            ]
          },
          {
            "city": [
              "String",
              "Regensburg"
            ],
            "routeColor": [
              "String",
              "white"
            ],
            "routeLength": [
              "Integer",
              7
            ]
          },
          {
            "city": [
              "String",
              "Nürnberg"
            ],
            "routeColor": [
              "String",
              "pink"
            ],
            "routeLength": [
              "Integer",
              4
            ]
          },
          {
            "city": [
              "String",
              "Nürnberg"
            ],
            "routeColor": [
              "String",
              "yellow"
            ],
            "routeLength": [
              "Integer",
              4
            ]
          }
        ]
      },
      {
        "name": [
          "String",
          "Leipzig"
        ],
        "coordinates": [
          "Vector2D",
          [
            750,
            698
          ]
        ],
        "neighbours": [
          {
            "city": [
              "String",
              "Erfurt"
            ],
            "routeColor": [
              "String",
              "red"
            ],
            "routeLength": [
              "Integer",
              3
            ]
          },
          {
            "city": [
              "String",
              "Magdeburg"
            ],
            "routeColor": [
              "String",
              "yellow"
            ],
            "routeLength": [
              "Integer",
              2
            ]
          },
          {
            "city": [
              "String",
              "Berlin"
            ],
            "routeColor": [
              "String",
              "orange"
            ],
            "routeLength": [
              "Integer",
              4
            ]
          },
          {
            "city": [
              "String",
              "Dresden"
            ],
            "routeColor": [
              "String",
              "black"
            ],
            "routeLength": [
              "Integer",
              3
            ]
          },
          {
            "city": [
              "String",
              "Chemnitz"
            ],
            "routeColor": [
              "String",
              "blue"
            ],
            "routeLength": [
              "Integer",
              2
            ]
          }
        ]
      },
      {
        "name": [
          "String",
          "Chemnitz"
        ],
        "coordinates": [
          "Vector2D",
          [
            842,
            804
          ]
        ],
        "neighbours": [
          {
            "city": [
              "String",
              "Erfurt"
            ],
            "routeColor": [
              "String",
              "black"
            ],
            "routeLength": [
              "Integer",
              4
            ]
          },
          {
            "city": [
              "String",
              "Leipzig"
            ],
            "routeColor": [
              "String",
              "blue"
            ],
            "routeLength": [
              "Integer",
              2
            ]
          },
          {
            "city": [
              "String",
              "Dresden"
            ],
            "routeColor": [
              "String",
              "yellow"
            ],
            "routeLength": [
              "Integer",
              1
            ]
          },
          {
            "city": [
              "String",
              "Regensburg"
            ],
            "routeColor": [
              "String",
              "pink"
            ],
            "routeLength": [
              "Integer",
              6
            ]
          }
        ]
      },
      {
        "name": [
          "String",
          "Dresden"
        ],
        "coordinates": [
          "Vector2D",
          [
            924,
            765
          ]
        ],
        "neighbours": [
          {
            "city": [
              "String",
              "Leipzig"
            ],
            "routeColor": [
              "String",
              "black"
            ],
            "routeLength": [
              "Integer",
              3
            ]
          },
          {
            "city": [
              "String",
              "Berlin"
            ],
            "routeColor": [
              "String",
              "green"
            ],
            "routeLength": [
              "Integer",
              5
            ]
          },
          {
            "city": [
              "String",
              "Regensburg"
            ],
            "routeColor": [
              "String",
              "red"
            ],
            "routeLength": [
              "Integer",
              7
            ]
          },
          {
            "city": [
              "String",
              "Chemnitz"
            ],
            "routeColor": [
              "String",
              "yellow"
            ],
            "routeLength": [
              "Integer",
              1
            ]
          }
        ]
      },
      {
        "name": [
          "String",
          "Köln"
        ],
        "coordinates": [
          "Vector2D",
          [
            114,
            801
          ]
        ],
        "neighbours": [
          {
            "city": [
              "String",
              "Düsseldorf"
            ],
            "routeColor": [
              "String",
              "wild"
            ],
            "routeLength": [
              "Integer",
              1
            ]
          },
		            {
            "city": [
              "String",
              "Düsseldorf"
            ],
            "routeColor": [
              "String",
              "wild"
            ],
            "routeLength": [
              "Integer",
              1
            ]
          },
		            {
            "city": [
              "String",
              "Düsseldorf"
            ],
            "routeColor": [
              "String",
              "wild"
            ],
            "routeLength": [
              "Integer",
              1
            ]
          },
          {
            "city": [
              "String",
              "Frankfurt"
            ],
            "routeColor": [
              "String",
              "wild"
            ],
            "routeLength": [
              "Integer",
              4
            ]
          },
		            {
            "city": [
              "String",
              "Frankfurt"
            ],
            "routeColor": [
              "String",
              "wild"
            ],
            "routeLength": [
              "Integer",
              4
            ]
          },
          {
            "city": [
              "String",
              "Koblenz"
            ],
            "routeColor": [
              "String",
              "wild"
            ],
            "routeLength": [
              "Integer",
              1
            ]
          },
		            {
            "city": [
              "String",
              "Koblenz"
            ],
            "routeColor": [
              "String",
              "wild"
            ],
            "routeLength": [
              "Integer",
              1
            ]
          }
        ]
      },
      {
        "name": [
          "String",
          "Koblenz"
        ],
        "coordinates": [
          "Vector2D",
          [
            134,
            898
          ]
        ],
        "neighbours": [
          {
            "city": [
              "String",
              "Köln"
            ],
            "routeColor": [
              "String",
              "wild"
            ],
            "routeLength": [
              "Integer",
              1
            ]
          },
		  {
            "city": [
              "String",
              "Köln"
            ],
            "routeColor": [
              "String",
              "wild"
            ],
            "routeLength": [
              "Integer",
              1
            ]
          },
          {
            "city": [
              "String",
              "Saarbrücken"
            ],
            "routeColor": [
              "String",
              "wild"
            ],
            "routeLength": [
              "Integer",
              3
            ]
          },
          {
            "city": [
              "String",
              "Mainz"
            ],
            "routeColor": [
              "String",
              "wild"
            ],
            "routeLength": [
              "Integer",
              2
            ]
          },
		  {
            "city": [
              "String",
              "Mainz"
            ],
            "routeColor": [
              "String",
              "wild"
            ],
            "routeLength": [
              "Integer",
              2
            ]
          }
        ]
      },
      {
        "name": [
          "String",
          "Frankfurt"
        ],
        "coordinates": [
          "Vector2D",
          [
            327,
            929
          ]
        ],
        "neighbours": [
          {
            "city": [
              "String",
              "Köln"
            ],
            "routeColor": [
              "String",
              "wild"
            ],
            "routeLength": [
              "Integer",
              4
            ]
          },
		  {
            "city": [
              "String",
              "Köln"
            ],
            "routeColor": [
              "String",
              "wild"
            ],
            "routeLength": [
              "Integer",
              4
            ]
          },
          {
            "city": [
              "String",
              "Kassel"
            ],
            "routeColor": [
              "String",
              "blue"
            ],
            "routeLength": [
              "Integer",
              4
            ]
          },
		  {
            "city": [
              "String",
              "Kassel"
            ],
            "routeColor": [
              "String",
              "white"
            ],
            "routeLength": [
              "Integer",
              4
            ]
          },
          {
            "city": [
              "String",
              "Würzburg"
            ],
            "routeColor": [
              "String",
              "wild"
            ],
            "routeLength": [
              "Integer",
              2
            ]
          },
		  {
            "city": [
              "String",
              "Würzburg"
            ],
            "routeColor": [
              "String",
              "wild"
            ],
            "routeLength": [
              "Integer",
              2
            ]
          },
		  {
            "city": [
              "String",
              "Mannheim"
            ],
            "routeColor": [
              "String",
              "wild"
            ],
            "routeLength": [
              "Integer",
              2
            ]
          },
		  {
            "city": [
              "String",
              "Mannheim"
            ],
            "routeColor": [
              "String",
              "wild"
            ],
            "routeLength": [
              "Integer",
              2
            ]
          },
          {
            "city": [
              "String",
              "Mainz"
            ],
            "routeColor": [
              "String",
              "wild"
            ],
            "routeLength": [
              "Integer",
              1
            ]
          },
		  {
            "city": [
              "String",
              "Mainz"
            ],
            "routeColor": [
              "String",
              "wild"
            ],
            "routeLength": [
              "Integer",
              1
            ]
          }
        ]
      },
      {
        "name": [
          "String",
          "Mainz"
        ],
        "coordinates": [
          "Vector2D",
          [
            252,
            978
          ]
        ],
        "neighbours": [
          {
            "city": [
              "String",
              "Koblenz"
            ],
            "routeColor": [
              "String",
              "wild"
            ],
            "routeLength": [
              "Integer",
              2
            ]
          },
		  {
            "city": [
              "String",
              "Koblenz"
            ],
            "routeColor": [
              "String",
              "wild"
            ],
            "routeLength": [
              "Integer",
              2
            ]
          },
          {
            "city": [
              "String",
              "Frankfurt"
            ],
            "routeColor": [
              "String",
              "wild"
            ],
            "routeLength": [
              "Integer",
              1
            ]
          },
		  {
            "city": [
              "String",
              "Frankfurt"
            ],
            "routeColor": [
              "String",
              "wild"
            ],
            "routeLength": [
              "Integer",
              1
            ]
          },
          {
            "city": [
              "String",
              "Mannheim"
            ],
            "routeColor": [
              "String",
              "wild"
            ],
            "routeLength": [
              "Integer",
              1
            ]
          },
		  {
            "city": [
              "String",
              "Mannheim"
            ],
            "routeColor": [
              "String",
              "wild"
            ],
            "routeLength": [
              "Integer",
              1
            ]
          },
          {
            "city": [
              "String",
              "Saarbrücken"
            ],
            "routeColor": [
              "String",
              "wild"
            ],
            "routeLength": [
              "Integer",
              3
            ]
          }
        ]
      },
      {
        "name": [
          "String",
          "Würzburg"
        ],
        "coordinates": [
          "Vector2D",
          [
            465,
            978
          ]
        ],
        "neighbours": [
          {
            "city": [
              "String",
              "Frankfurt"
            ],
            "routeColor": [
              "String",
              "wild"
            ],
            "routeLength": [
              "Integer",
              2
            ]
          },
		  {
            "city": [
              "String",
              "Frankfurt"
            ],
            "routeColor": [
              "String",
              "wild"
            ],
            "routeLength": [
              "Integer",
              2
            ]
          },
          {
            "city": [
              "String",
              "Nürnberg"
            ],
            "routeColor": [
              "String",
              "wild"
            ],
            "routeLength": [
              "Integer",
              2
            ]
          },
		  {
            "city": [
              "String",
              "Nürnberg"
            ],
            "routeColor": [
              "String",
              "wild"
            ],
            "routeLength": [
              "Integer",
              2
            ]
          }
        ]
      },
      {
        "name": [
          "String",
          "Nürnberg"
        ],
        "coordinates": [
          "Vector2D",
          [
            604,
            1021
          ]
        ],
        "neighbours": [
          {
            "city": [
              "String",
              "Würzburg"
            ],
            "routeColor": [
              "String",
              "wild"
            ],
            "routeLength": [
              "Integer",
              2
            ]
          },
		  {
            "city": [
              "String",
              "Würzburg"
            ],
            "routeColor": [
              "String",
              "wild"
            ],
            "routeLength": [
              "Integer",
              2
            ]
          },
          {
            "city": [
              "String",
              "Erfurt"
            ],
            "routeColor": [
              "String",
              "yellow"
            ],
            "routeLength": [
              "Integer",
              4
            ]
          },
		  {
            "city": [
              "String",
              "Erfurt"
            ],
            "routeColor": [
              "String",
              "pink"
            ],
            "routeLength": [
              "Integer",
              4
            ]
          },
          {
            "city": [
              "String",
              "Regensburg"
            ],
            "routeColor": [
              "String",
              "green"
            ],
            "routeLength": [
              "Integer",
              3
            ]
          },
          {
            "city": [
              "String",
              "München"
            ],
            "routeColor": [
              "String",
              "black"
            ],
            "routeLength": [
              "Integer",
              5
            ]
          },
		  {
            "city": [
              "String",
              "München"
            ],
            "routeColor": [
              "String",
              "blue"
            ],
            "routeLength": [
              "Integer",
              5
            ]
          },
          {
            "city": [
              "String",
              "Augsburg"
            ],
            "routeColor": [
              "String",
              "orange"
            ],
            "routeLength": [
              "Integer",
              4
            ]
          }
        ]
      },
      {
        "name": [
          "String",
          "Saarbrücken"
        ],
        "coordinates": [
          "Vector2D",
          [
            96,
            1086
          ]
        ],
        "neighbours": [
          {
            "city": [
              "String",
              "Koblenz"
            ],
            "routeColor": [
              "String",
              "wild"
            ],
            "routeLength": [
              "Integer",
              3
            ]
          },
          {
            "city": [
              "String",
              "Mainz"
            ],
            "routeColor": [
              "String",
              "wild"
            ],
            "routeLength": [
              "Integer",
              3
            ]
          },
          {
            "city": [
              "String",
              "Mannheim"
            ],
            "routeColor": [
              "String",
              "wild"
            ],
            "routeLength": [
              "Integer",
              3
            ]
          },
          {
            "city": [
              "String",
              "Karlsruhe"
            ],
            "routeColor": [
              "String",
              "wild"
            ],
            "routeLength": [
              "Integer",
              3
            ]
          },
          {
            "city": [
              "String",
              "France"
            ],
            "routeColor": [
              "String",
              "green"
            ],
            "routeLength": [
              "Integer",
              1
            ]
          }
        ]
      },
      {
        "name": [
          "String",
          "Mannheim"
        ],
        "coordinates": [
          "Vector2D",
          [
            290,
            1062
          ]
        ],
        "neighbours": [
          {
            "city": [
              "String",
              "Mainz"
            ],
            "routeColor": [
              "String",
              "wild"
            ],
            "routeLength": [
              "Integer",
              1
            ]
          },
		  {
            "city": [
              "String",
              "Mainz"
            ],
            "routeColor": [
              "String",
              "wild"
            ],
            "routeLength": [
              "Integer",
              1
            ]
          },
          {
            "city": [
              "String",
              "Frankfurt"
            ],
            "routeColor": [
              "String",
              "wild"
            ],
            "routeLength": [
              "Integer",
              2
            ]
          },
		  {
            "city": [
              "String",
              "Frankfurt"
            ],
            "routeColor": [
              "String",
              "wild"
            ],
            "routeLength": [
              "Integer",
              2
            ]
          },
          {
            "city": [
              "String",
              "Stuttgart"
            ],
            "routeColor": [
              "String",
              "wild"
            ],
            "routeLength": [
              "Integer",
              2
            ]
          },
		  {
            "city": [
              "String",
              "Stuttgart"
            ],
            "routeColor": [
              "String",
              "wild"
            ],
            "routeLength": [
              "Integer",
              2
            ]
          },
          {
            "city": [
              "String",
              "Karlsruhe"
            ],
            "routeColor": [
              "String",
              "blue"
            ],
            "routeLength": [
              "Integer",
              1
            ]
          },
          {
            "city": [
              "String",
              "Saarbrücken"
            ],
            "routeColor": [
              "String",
              "wild"
            ],
            "routeLength": [
              "Integer",
              3
            ]
          }
        ]
      },
      {
        "name": [
          "String",
          "Regensburg"
        ],
        "coordinates": [
          "Vector2D",
          [
            783,
            1126
          ]
        ],
        "neighbours": [
          {
            "city": [
              "String",
              "Nürnberg"
            ],
            "routeColor": [
              "String",
              "green"
            ],
            "routeLength": [
              "Integer",
              3
            ]
          },
          {
            "city": [
              "String",
              "Erfurt"
            ],
            "routeColor": [
              "String",
              "white"
            ],
            "routeLength": [
              "Integer",
              7
            ]
          },
          {
            "city": [
              "String",
              "Chemnitz"
            ],
            "routeColor": [
              "String",
              "pink"
            ],
            "routeLength": [
              "Integer",
              7
            ]
          },
          {
            "city": [
              "String",
              "Dresden"
            ],
            "routeColor": [
              "String",
              "red"
            ],
            "routeLength": [
              "Integer",
              7
            ]
          },
          {
            "city": [
              "String",
              "Austria"
            ],
            "routeColor": [
              "String",
              "yellow"
            ],
            "routeLength": [
              "Integer",
              4
            ]
          },
          {
            "city": [
              "String",
              "München"
            ],
            "routeColor": [
              "String",
              "orange"
            ],
            "routeLength": [
              "Integer",
              3
            ]
          }
        ]
      },
      {
        "name": [
          "String",
          "Karlsruhe"
        ],
        "coordinates": [
          "Vector2D",
          [
            283,
            1152
          ]
        ],
        "neighbours": [
          {
            "city": [
              "String",
              "Saarbrücken"
            ],
            "routeColor": [
              "String",
              "wild"
            ],
            "routeLength": [
              "Integer",
              3
            ]
          },
          {
            "city": [
              "String",
              "Mannheim"
            ],
            "routeColor": [
              "String",
              "blue"
            ],
            "routeLength": [
              "Integer",
              1
            ]
          },
          {
            "city": [
              "String",
              "Stuttgart"
            ],
            "routeColor": [
              "String",
              "pink"
            ],
            "routeLength": [
              "Integer",
              1
            ]
          },
          {
            "city": [
              "String",
              "France"
            ],
            "routeColor": [
              "String",
              "black"
            ],
            "routeLength": [
              "Integer",
              2
            ]
          },
          {
            "city": [
              "String",
              "Freiburg"
            ],
            "routeColor": [
              "String",
              "white"
            ],
            "routeLength": [
              "Integer",
              3
            ]
          }
        ]
      },
      {
        "name": [
          "String",
          "Stuttgart"
        ],
        "coordinates": [
          "Vector2D",
          [
            378,
            1172
          ]
        ],
        "neighbours": [
          {
            "city": [
              "String",
              "Mannheim"
            ],
            "routeColor": [
              "String",
              "wild"
            ],
            "routeLength": [
              "Integer",
              2
            ]
          },
		  {
            "city": [
              "String",
              "Mannheim"
            ],
            "routeColor": [
              "String",
              "wild"
            ],
            "routeLength": [
              "Integer",
              2
            ]
          },
		  {
            "city": [
              "String",
              "Ulm"
            ],
            "routeColor": [
              "String",
              "wild"
            ],
            "routeLength": [
              "Integer",
              2
            ]
          },
		  {
            "city": [
              "String",
              "Ulm"
            ],
            "routeColor": [
              "String",
              "wild"
            ],
            "routeLength": [
              "Integer",
              2
            ]
          },
          {
            "city": [
              "String",
              "Konstanz"
            ],
            "routeColor": [
              "String",
              "green"
            ],
            "routeLength": [
              "Integer",
              3
            ]
          },
          {
            "city": [
              "String",
              "Freiburg"
            ],
            "routeColor": [
              "String",
              "wild"
            ],
            "routeLength": [
              "Integer",
              3
            ]
          },
          {
            "city": [
              "String",
              "Karlsruhe"
            ],
            "routeColor": [
              "String",
              "pink"
            ],
            "routeLength": [
              "Integer",
              1
            ]
          }
        ]
      },
      {
        "name": [
          "String",
          "France"
        ],
        "coordinates": [
          "Vector2D",
          [
            91,
            1232
          ]
        ],
        "neighbours": [
          {
            "city": [
              "String",
              "Saarbrücken"
            ],
            "routeColor": [
              "String",
              "green"
            ],
            "routeLength": [
              "Integer",
              1
            ]
          },
          {
            "city": [
              "String",
              "Karlsruhe"
            ],
            "routeColor": [
              "String",
              "black"
            ],
            "routeLength": [
              "Integer",
              2
            ]
          },
          {
            "city": [
              "String",
              "Freiburg"
            ],
            "routeColor": [
              "String",
              "yellow"
            ],
            "routeLength": [
              "Integer",
              2
            ]
          }
        ]
      },
      {
        "name": [
          "String",
          "Ulm"
        ],
        "coordinates": [
          "Vector2D",
          [
            491,
            1250
          ]
        ],
        "neighbours": [
          {
            "city": [
              "String",
              "Stuttgart"
            ],
            "routeColor": [
              "String",
              "wild"
            ],
            "routeLength": [
              "Integer",
              2
            ]
          },
		  {
            "city": [
              "String",
              "Stuttgart"
            ],
            "routeColor": [
              "String",
              "wild"
            ],
            "routeLength": [
              "Integer",
              2
            ]
          },
          {
            "city": [
              "String",
              "Augsburg"
            ],
            "routeColor": [
              "String",
              "wild"
            ],
            "routeLength": [
              "Integer",
              1
            ]
          },
		  {
            "city": [
              "String",
              "Augsburg"
            ],
            "routeColor": [
              "String",
              "wild"
            ],
            "routeLength": [
              "Integer",
              1
            ]
          },
          {
            "city": [
              "String",
              "Lindau"
            ],
            "routeColor": [
              "String",
              "red"
            ],
            "routeLength": [
              "Integer",
              2
            ]
          }
        ]
      },
      {
        "name": [
          "String",
          "Augsburg"
        ],
        "coordinates": [
          "Vector2D",
          [
            577,
            1257
          ]
        ],
        "neighbours": [
          {
            "city": [
              "String",
              "München"
            ],
            "routeColor": [
              "String",
              "wild"
            ],
            "routeLength": [
              "Integer",
              2
            ]
          },
		  {
            "city": [
              "String",
              "München"
            ],
            "routeColor": [
              "String",
              "wild"
            ],
            "routeLength": [
              "Integer",
              2
            ]
          },
          {
            "city": [
              "String",
              "Ulm"
            ],
            "routeColor": [
              "String",
              "wild"
            ],
            "routeLength": [
              "Integer",
              1
            ]
          },
		  {
            "city": [
              "String",
              "Ulm"
            ],
            "routeColor": [
              "String",
              "wild"
            ],
            "routeLength": [
              "Integer",
              1
            ]
          },
          {
            "city": [
              "String",
              "Nürnberg"
            ],
            "routeColor": [
              "String",
              "orange"
            ],
            "routeLength": [
              "Integer",
              4
            ]
          }
        ]
      },
      {
        "name": [
          "String",
          "München"
        ],
        "coordinates": [
          "Vector2D",
          [
            716,
            1286
          ]
        ],
        "neighbours": [
          {
            "city": [
              "String",
              "Augsburg"
            ],
            "routeColor": [
              "String",
              "wild"
            ],
            "routeLength": [
              "Integer",
              2
            ]
          },
		  {
            "city": [
              "String",
              "Augsburg"
            ],
            "routeColor": [
              "String",
              "wild"
            ],
            "routeLength": [
              "Integer",
              2
            ]
          },
          {
            "city": [
              "String",
              "Nürnberg"
            ],
            "routeColor": [
              "String",
              "black"
            ],
            "routeLength": [
              "Integer",
              5
            ]
          },
		  {
            "city": [
              "String",
              "Nürnberg"
            ],
            "routeColor": [
              "String",
              "blue"
            ],
            "routeLength": [
              "Integer",
              5
            ]
          },
          {
            "city": [
              "String",
              "Regensburg"
            ],
            "routeColor": [
              "String",
              "orange"
            ],
            "routeLength": [
              "Integer",
              3
            ]
          },
          {
            "city": [
              "String",
              "Austria"
            ],
            "routeColor": [
              "String",
              "red"
            ],
            "routeLength": [
              "Integer",
              3
            ]
          },
          {
            "city": [
              "String",
              "Lindau"
            ],
            "routeColor": [
              "String",
              "wild"
            ],
            "routeLength": [
              "Integer",
              5
            ]
          }
        ]
      },
      {
        "name": [
          "String",
          "Freiburg"
        ],
        "coordinates": [
          "Vector2D",
          [
            229,
            1332
          ]
        ],
        "neighbours": [
          {
            "city": [
              "String",
              "France"
            ],
            "routeColor": [
              "String",
              "yellow"
            ],
            "routeLength": [
              "Integer",
              2
            ]
          },
          {
            "city": [
              "String",
              "Karlsruhe"
            ],
            "routeColor": [
              "String",
              "white"
            ],
            "routeLength": [
              "Integer",
              3
            ]
          },
          {
            "city": [
              "String",
              "Stuttgart"
            ],
            "routeColor": [
              "String",
              "wild"
            ],
            "routeLength": [
              "Integer",
              3
            ]
          },
          {
            "city": [
              "String",
              "Konstanz"
            ],
            "routeColor": [
              "String",
              "black"
            ],
            "routeLength": [
              "Integer",
              2
            ]
          },
          {
            "city": [
              "String",
              "Switzerland"
            ],
            "routeColor": [
              "String",
              "orange"
            ],
            "routeLength": [
              "Integer",
              2
            ]
          }
        ]
      },
      {
        "name": [
          "String",
          "Konstanz"
        ],
        "coordinates": [
          "Vector2D",
          [
            370,
            1365
          ]
        ],
        "neighbours": [
          {
            "city": [
              "String",
              "Freiburg"
            ],
            "routeColor": [
              "String",
              "black"
            ],
            "routeLength": [
              "Integer",
              2
            ]
          },
          {
            "city": [
              "String",
              "Stuttgart"
            ],
            "routeColor": [
              "String",
              "green"
            ],
            "routeLength": [
              "Integer",
              3
            ]
          },
          {
            "city": [
              "String",
              "Lindau"
            ],
            "routeColor": [
              "String",
              "yellow"
            ],
            "routeLength": [
              "Integer",
              1
            ]
          },
          {
            "city": [
              "String",
              "Switzerland"
            ],
            "routeColor": [
              "String",
              "white"
            ],
            "routeLength": [
              "Integer",
              1
            ]
          }
        ]
      },
      {
        "name": [
          "String",
          "Lindau"
        ],
        "coordinates": [
          "Vector2D",
          [
            454,
            1383
          ]
        ],
        "neighbours": [
          {
            "city": [
              "String",
              "Konstanz"
            ],
            "routeColor": [
              "String",
              "yellow"
            ],
            "routeLength": [
              "Integer",
              1
            ]
          },
          {
            "city": [
              "String",
              "Ulm"
            ],
            "routeColor": [
              "String",
              "red"
            ],
            "routeLength": [
              "Integer",
              2
            ]
          },
          {
            "city": [
              "String",
              "München"
            ],
            "routeColor": [
              "String",
              "wild"
            ],
            "routeLength": [
              "Integer",
              5
            ]
          },
          {
            "city": [
              "String",
              "Austria"
            ],
            "routeColor": [
              "String",
              "pink"
            ],
            "routeLength": [
              "Integer",
              2
            ]
          },
          {
            "city": [
              "String",
              "Switzerland"
            ],
            "routeColor": [
              "String",
              "blue"
            ],
            "routeLength": [
              "Integer",
              2
            ]
          }
        ]
      },
      {
        "name": [
          "String",
          "Switzerland"
        ],
        "coordinates": [
          "Vector2D",
          [
            281,
            1431
          ]
        ],
        "neighbours": [
          {
            "city": [
              "String",
              "Freiburg"
            ],
            "routeColor": [
              "String",
              "orange"
            ],
            "routeLength": [
              "Integer",
              2
            ]
          },
          {
            "city": [
              "String",
              "Konstanz"
            ],
            "routeColor": [
              "String",
              "white"
            ],
            "routeLength": [
              "Integer",
              1
            ]
          },
          {
            "city": [
              "String",
              "Lindau"
            ],
            "routeColor": [
              "String",
              "blue"
            ],
            "routeLength": [
              "Integer",
              2
            ]
          }
        ]
      },
      {
        "name": [
          "String",
          "Austria"
        ],
        "coordinates": [
          "Vector2D",
          [
            896,
            1368
          ]
        ],
        "neighbours": [
          {
            "city": [
              "String",
              "Lindau"
            ],
            "routeColor": [
              "String",
              "pink"
            ],
            "routeLength": [
              "Integer",
              2
            ]
          },
          {
            "city": [
              "String",
              "München"
            ],
            "routeColor": [
              "String",
              "red"
            ],
            "routeLength": [
              "Integer",
              3
            ]
          },
          {
            "city": [
              "String",
              "Regensburg"
            ],
            "routeColor": [
              "String",
              "yellow"
            ],
            "routeLength": [
              "Integer",
              4
            ]
          }
        ]
      }
    ]
  }
]
