[
  {
    "type": "graph",
    "verticesKey": "name",
    "neighboursKey": "neighbours",
    "maxNeighbours": -1,
    "id": "cities",
    "img": "europeManual.jpg",
    "size": [
      "Vector2D",
      [
        1203,
        803
      ]
    ],
    "nodes": [
      {
        "name": [
          "String",
          "Athina"
        ],
        "coordinates": [
          "Vector2D",
          [
            792,
            715
          ]
        ],
        "neighbours": [
          {
            "city": [
              "String",
              "Brindisi"
            ],
            "routeColor": [
              "String",
              "wild"
            ],
            "routeLength": [
              "Integer",
              4
            ]
          },
          {
            "city": [
              "String",
              "Sarajevo"
            ],
            "routeColor": [
              "String",
              "green"
            ],
            "routeLength": [
              "Integer",
              4
            ]
          },
          {
            "city": [
              "String",
              "Sofia"
            ],
            "routeColor": [
              "String",
              "pink"
            ],
            "routeLength": [
              "Integer",
              3
            ]
          },
          {
            "city": [
              "String",
              "Smyrna"
            ],
            "routeColor": [
              "String",
              "wild"
            ],
            "routeLength": [
              "Integer",
              2
            ]
          }
        ]
      },
      {
        "name": [
          "String",
          "Angora"
        ],
        "coordinates": [
          "Vector2D",
          [
            1033,
            715
          ]
        ],
        "neighbours": [
          {
            "city": [
              "String",
              "Constantinople"
            ],
            "routeColor": [
              "String",
              "wild"
            ],
            "routeLength": [
              "Integer",
              2
            ]
          },
          {
            "city": [
              "String",
              "Erzurum"
            ],
            "routeColor": [
              "String",
              "black"
            ],
            "routeLength": [
              "Integer",
              3
            ]
          },
          {
            "city": [
              "String",
              "Smyrna"
            ],
            "routeColor": [
              "String",
              "orange"
            ],
            "routeLength": [
              "Integer",
              3
            ]
          }
        ]
      },
      {
        "name": [
          "String",
          "Budapest"
        ],
        "coordinates": [
          "Vector2D",
          [
            711,
            431
          ]
        ],
        "neighbours": [
          {
            "city": [
              "String",
              "Bucuresti"
            ],
            "routeColor": [
              "String",
              "wild"
            ],
            "routeLength": [
              "Integer",
              4
            ]
          },
          {
            "city": [
              "String",
              "Sarajevo"
            ],
            "routeColor": [
              "String",
              "pink"
            ],
            "routeLength": [
              "Integer",
              3
            ]
          },
          {
            "city": [
              "String",
              "Zagrab"
            ],
            "routeColor": [
              "String",
              "orange"
            ],
            "routeLength": [
              "Integer",
              2
            ]
          },
          {
            "city": [
              "String",
              "Wien"
            ],
            "routeColor": [
              "String",
              "white"
            ],
            "routeLength": [
              "Integer",
              1
            ]
          },
          {
            "city": [
              "String",
              "Wien"
            ],
            "routeColor": [
              "String",
              "red"
            ],
            "routeLength": [
              "Integer",
              1
            ]
          },
          {
            "city": [
              "String",
              "Kyiv"
            ],
            "routeColor": [
              "String",
              "wild"
            ],
            "routeLength": [
              "Integer",
              6
            ]
          }
        ]
      },
      {
        "name": [
          "String",
          "Sofia"
        ],
        "coordinates": [
          "Vector2D",
          [
            814,
            587
          ]
        ],
        "neighbours": [
          {
            "city": [
              "String",
              "Sarajevo"
            ],
            "routeColor": [
              "String",
              "wild"
            ],
            "routeLength": [
              "Integer",
              2
            ]
          },
          {
            "city": [
              "String",
              "Bucuresti"
            ],
            "routeColor": [
              "String",
              "wild"
            ],
            "routeLength": [
              "Integer",
              2
            ]
          },
          {
            "city": [
              "String",
              "Constantinople"
            ],
            "routeColor": [
              "String",
              "blue"
            ],
            "routeLength": [
              "Integer",
              3
            ]
          },
          {
            "city": [
              "String",
              "Athina"
            ],
            "routeColor": [
              "String",
              "pink"
            ],
            "routeLength": [
              "Integer",
              3
            ]
          }
        ]
      },
      {
        "name": [
          "String",
          "Frankfurt"
        ],
        "coordinates": [
          "Vector2D",
          [
            459,
            335
          ]
        ],
        "neighbours": [
          {
            "city": [
              "String",
              "Paris"
            ],
            "routeColor": [
              "String",
              "white"
            ],
            "routeLength": [
              "Integer",
              3
            ]
          },
		  {
            "city": [
              "String",
              "Paris"
            ],
            "routeColor": [
              "String",
              "orange"
            ],
            "routeLength": [
              "Integer",
              3
            ]
          },
          {
            "city": [
              "String",
              "Berlin"
            ],
            "routeColor": [
              "String",
              "red"
            ],
            "routeLength": [
              "Integer",
              3
            ]
          },
		  {
            "city": [
              "String",
              "Berlin"
            ],
            "routeColor": [
              "String",
              "black"
            ],
            "routeLength": [
              "Integer",
              3
            ]
          },
          {
            "city": [
              "String",
              "Bruxelles"
            ],
            "routeColor": [
              "String",
              "blue"
            ],
            "routeLength": [
              "Integer",
              2
            ]
          },
          {
            "city": [
              "String",
              "Amsterdam"
            ],
            "routeColor": [
              "String",
              "white"
            ],
            "routeLength": [
              "Integer",
              2
            ]
          },
          {
            "city": [
              "String",
              "Essen"
            ],
            "routeColor": [
              "String",
              "green"
            ],
            "routeLength": [
              "Integer",
              2
            ]
          },
          {
            "city": [
              "String",
              "Munchen"
            ],
            "routeColor": [
              "String",
              "pink"
            ],
            "routeLength": [
              "Integer",
              2
            ]
          }
        ]
      },
      {
        "name": [
          "String",
          "Kobenhavn"
        ],
        "coordinates": [
          "Vector2D",
          [
            560,
            136
          ]
        ],
        "neighbours": [
          {
            "city": [
              "String",
              "Essen"
            ],
            "routeColor": [
              "String",
              "wild"
            ],
            "routeLength": [
              "Integer",
              3
            ]
          },
		  {
            "city": [
              "String",
              "Essen"
            ],
            "routeColor": [
              "String",
              "wild"
            ],
            "routeLength": [
              "Integer",
              3
            ]
          },
          {
            "city": [
              "String",
              "Stockholm"
            ],
            "routeColor": [
              "String",
              "yellow"
            ],
            "routeLength": [
              "Integer",
              3
            ]
          },
		  {
            "city": [
              "String",
              "Stockholm"
            ],
            "routeColor": [
              "String",
              "white"
            ],
            "routeLength": [
              "Integer",
              3
            ]
          }
        ]
      },
      {
        "name": [
          "String",
          "Rostov"
        ],
        "coordinates": [
          "Vector2D",
          [
            1145,
            445
          ]
        ],
        "neighbours": [
          {
            "city": [
              "String",
              "Sevastopol"
            ],
            "routeColor": [
              "String",
              "wild"
            ],
            "routeLength": [
              "Integer",
              4
            ]
          },
          {
            "city": [
              "String",
              "Kharkov"
            ],
            "routeColor": [
              "String",
              "green"
            ],
            "routeLength": [
              "Integer",
              2
            ]
          },
          {
            "city": [
              "String",
              "Sochi"
            ],
            "routeColor": [
              "String",
              "wild"
            ],
            "routeLength": [
              "Integer",
              2
            ]
          }
        ]
      },
      {
        "name": [
          "String",
          "Erzurum"
        ],
        "coordinates": [
          "Vector2D",
          [
            1120,
            690
          ]
        ],
        "neighbours": [
          {
            "city": [
              "String",
              "Sochi"
            ],
            "routeColor": [
              "String",
              "red"
            ],
            "routeLength": [
              "Integer",
              3
            ]
          },
          {
            "city": [
              "String",
              "Sevastopol"
            ],
            "routeColor": [
              "String",
              "wild"
            ],
            "routeLength": [
              "Integer",
              4
            ]
          },
          {
            "city": [
              "String",
              "Angora"
            ],
            "routeColor": [
              "String",
              "black"
            ],
            "routeLength": [
              "Integer",
              3
            ]
          }
        ]
      },
      {
        "name": [
          "String",
          "Smyrna"
        ],
        "coordinates": [
          "Vector2D",
          [
            889,
            745
          ]
        ],
        "neighbours": [
          {
            "city": [
              "String",
              "Athina"
            ],
            "routeColor": [
              "String",
              "wild"
            ],
            "routeLength": [
              "Integer",
              2
            ]
          },
          {
            "city": [
              "String",
              "Constantinople"
            ],
            "routeColor": [
              "String",
              "wild"
            ],
            "routeLength": [
              "Integer",
              2
            ]
          },
          {
            "city": [
              "String",
              "Angora"
            ],
            "routeColor": [
              "String",
              "orange"
            ],
            "routeLength": [
              "Integer",
              3
            ]
          },
          {
            "city": [
              "String",
              "Palermo"
            ],
            "routeColor": [
              "String",
              "wild"
            ],
            "routeLength": [
              "Integer",
              6
            ]
          }
        ]
      },
      {
        "name": [
          "String",
          "Kyiv"
        ],
        "coordinates": [
          "Vector2D",
          [
            948,
            325
          ]
        ],
        "neighbours": [
          {
            "city": [
              "String",
              "Budapest"
            ],
            "routeColor": [
              "String",
              "wild"
            ],
            "routeLength": [
              "Integer",
              6
            ]
          },
          {
            "city": [
              "String",
              "Warszawa"
            ],
            "routeColor": [
              "String",
              "wild"
            ],
            "routeLength": [
              "Integer",
              4
            ]
          },
          {
            "city": [
              "String",
              "Wilno"
            ],
            "routeColor": [
              "String",
              "wild"
            ],
            "routeLength": [
              "Integer",
              2
            ]
          },
          {
            "city": [
              "String",
              "Smolensk"
            ],
            "routeColor": [
              "String",
              "red"
            ],
            "routeLength": [
              "Integer",
              3
            ]
          },
          {
            "city": [
              "String",
              "Kharkov"
            ],
            "routeColor": [
              "String",
              "wild"
            ],
            "routeLength": [
              "Integer",
              4
            ]
          },
          {
            "city": [
              "String",
              "Bucuresti"
            ],
            "routeColor": [
              "String",
              "wild"
            ],
            "routeLength": [
              "Integer",
              4
            ]
          }
        ]
      },
      {
        "name": [
          "String",
          "Petrograd"
        ],
        "coordinates": [
          "Vector2D",
          [
            1007,
            74
          ]
        ],
        "neighbours": [
          {
            "city": [
              "String",
              "Riga"
            ],
            "routeColor": [
              "String",
              "wild"
            ],
            "routeLength": [
              "Integer",
              4
            ]
          },
          {
            "city": [
              "String",
              "Stockholm"
            ],
            "routeColor": [
              "String",
              "wild"
            ],
            "routeLength": [
              "Integer",
              8
            ]
          },
          {
            "city": [
              "String",
              "Moskva"
            ],
            "routeColor": [
              "String",
              "white"
            ],
            "routeLength": [
              "Integer",
              4
            ]
          },
          {
            "city": [
              "String",
              "Wilno"
            ],
            "routeColor": [
              "String",
              "blue"
            ],
            "routeLength": [
              "Integer",
              4
            ]
          }
        ]
      },
      {
        "name": [
          "String",
          "Zurich"
        ],
        "coordinates": [
          "Vector2D",
          [
            451,
            459
          ]
        ],
        "neighbours": [
          {
            "city": [
              "String",
              "Paris"
            ],
            "routeColor": [
              "String",
              "wild"
            ],
            "routeLength": [
              "Integer",
              3
            ]
          },
          {
            "city": [
              "String",
              "Munchen"
            ],
            "routeColor": [
              "String",
              "yellow"
            ],
            "routeLength": [
              "Integer",
              2
            ]
          },
          {
            "city": [
              "String",
              "Venezia"
            ],
            "routeColor": [
              "String",
              "green"
            ],
            "routeLength": [
              "Integer",
              2
            ]
          },
          {
            "city": [
              "String",
              "Marseille"
            ],
            "routeColor": [
              "String",
              "pink"
            ],
            "routeLength": [
              "Integer",
              2
            ]
          }
        ]
      },
      {
        "name": [
          "String",
          "Brindisi"
        ],
        "coordinates": [
          "Vector2D",
          [
            652,
            627
          ]
        ],
        "neighbours": [
          {
            "city": [
              "String",
              "Roma"
            ],
            "routeColor": [
              "String",
              "white"
            ],
            "routeLength": [
              "Integer",
              2
            ]
          },
          {
            "city": [
              "String",
              "Palermo"
            ],
            "routeColor": [
              "String",
              "wild"
            ],
            "routeLength": [
              "Integer",
              3
            ]
          },
		  {
            "city": [
              "String",
              "Athina"
            ],
            "routeColor": [
              "String",
              "wild"
            ],
            "routeLength": [
              "Integer",
              4
            ]
          }
        ]
      },
      {
        "name": [
          "String",
          "Warszawa"
        ],
        "coordinates": [
          "Vector2D",
          [
            777,
            264
          ]
        ],
        "neighbours": [
          {
            "city": [
              "String",
              "Berlin"
            ],
            "routeColor": [
              "String",
              "pink"
            ],
            "routeLength": [
              "Integer",
              4
            ]
          },
		  {
            "city": [
              "String",
              "Berlin"
            ],
            "routeColor": [
              "String",
              "yellow"
            ],
            "routeLength": [
              "Integer",
              4
            ]
          },
		  {
            "city": [
              "String",
              "Danzig"
            ],
            "routeColor": [
              "String",
              "wild"
            ],
            "routeLength": [
              "Integer",
              2
            ]
          },
		  {
            "city": [
              "String",
              "Wilno"
            ],
            "routeColor": [
              "String",
              "red"
            ],
            "routeLength": [
              "Integer",
              3
            ]
          },
          {
            "city": [
              "String",
              "Kyiv"
            ],
            "routeColor": [
              "String",
              "wild"
            ],
            "routeLength": [
              "Integer",
              4
            ]
          },
		  {
            "city": [
              "String",
              "Wien"
            ],
            "routeColor": [
              "String",
              "blue"
            ],
            "routeLength": [
              "Integer",
              4
            ]
          }
        ]
      },
      {
        "name": [
          "String",
          "Smolensk"
        ],
        "coordinates": [
          "Vector2D",
          [
            1021,
            240
          ]
        ],
        "neighbours": [
          {
            "city": [
              "String",
              "Wilno"
            ],
            "routeColor": [
              "String",
              "yellow"
            ],
            "routeLength": [
              "Integer",
              3
            ]
          },
          {
            "city": [
              "String",
              "Moskva"
            ],
            "routeColor": [
              "String",
              "orange"
            ],
            "routeLength": [
              "Integer",
              2
            ]
          },
		  {
            "city": [
              "String",
              "Kyiv"
            ],
            "routeColor": [
              "String",
              "red"
            ],
            "routeLength": [
              "Integer",
              3
            ]
          }
        ]
      },
      {
        "name": [
          "String",
          "Zagrab"
        ],
        "coordinates": [
          "Vector2D",
          [
            640,
            508
          ]
        ],
        "neighbours": [
          {
            "city": [
              "String",
              "Venezia"
            ],
            "routeColor": [
              "String",
              "wild"
            ],
            "routeLength": [
              "Integer",
              2
            ]
          },
          {
            "city": [
              "String",
              "Wien"
            ],
            "routeColor": [
              "String",
              "wild"
            ],
            "routeLength": [
              "Integer",
              2
            ]
          },
          {
            "city": [
              "String",
              "Budapest"
            ],
            "routeColor": [
              "String",
              "orange"
            ],
            "routeLength": [
              "Integer",
              2
            ]
          },
          {
            "city": [
              "String",
              "Sarajevo"
            ],
            "routeColor": [
              "String",
              "red"
            ],
            "routeLength": [
              "Integer",
              3
            ]
          }
        ]
      },
      {
        "name": [
          "String",
          "Paris"
        ],
        "coordinates": [
          "Vector2D",
          [
            317,
            398
          ]
        ],
        "neighbours": [
          {
            "city": [
              "String",
              "Brest"
            ],
            "routeColor": [
              "String",
              "black"
            ],
            "routeLength": [
              "Integer",
              3
            ]
          },
          {
            "city": [
              "String",
              "Dieppe"
            ],
            "routeColor": [
              "String",
              "pink"
            ],
            "routeLength": [
              "Integer",
              1
            ]
          },
		  {
            "city": [
              "String",
              "Bruxelles"
            ],
            "routeColor": [
              "String",
              "yellow"
            ],
            "routeLength": [
              "Integer",
              2
            ]
          },
		  {
            "city": [
              "String",
              "Bruxelles"
            ],
            "routeColor": [
              "String",
              "red"
            ],
            "routeLength": [
              "Integer",
              2
            ]
          },
          {
            "city": [
              "String",
              "Frankfurt"
            ],
            "routeColor": [
              "String",
              "white"
            ],
            "routeLength": [
              "Integer",
              3
            ]
          },
		  {
            "city": [
              "String",
              "Frankfurt"
            ],
            "routeColor": [
              "String",
              "orange"
            ],
            "routeLength": [
              "Integer",
              3
            ]
          },
          {
            "city": [
              "String",
              "Zurich"
            ],
            "routeColor": [
              "String",
              "wild"
            ],
            "routeLength": [
              "Integer",
              3
            ]
          },
          {
            "city": [
              "String",
              "Marseille"
            ],
            "routeColor": [
              "String",
              "wild"
            ],
            "routeLength": [
              "Integer",
              4
            ]
          },
          {
            "city": [
              "String",
              "Pamplona"
            ],
            "routeColor": [
              "String",
              "blue"
            ],
            "routeLength": [
              "Integer",
              4
            ]
          },
		  {
            "city": [
              "String",
              "Pamplona"
            ],
            "routeColor": [
              "String",
              "green"
            ],
            "routeLength": [
              "Integer",
              4
            ]
          }
        ]
      },
      {
        "name": [
          "String",
          "Brest"
        ],
        "coordinates": [
          "Vector2D",
          [
            159,
            376
          ]
        ],
        "neighbours": [
          {
            "city": [
              "String",
              "Dieppe"
            ],
            "routeColor": [
              "String",
              "orange"
            ],
            "routeLength": [
              "Integer",
              2
            ]
          },
          {
            "city": [
              "String",
              "Paris"
            ],
            "routeColor": [
              "String",
              "black"
            ],
            "routeLength": [
              "Integer",
              3
            ]
          },
          {
            "city": [
              "String",
              "Pamplona"
            ],
            "routeColor": [
              "String",
              "pink"
            ],
            "routeLength": [
              "Integer",
              4
            ]
          }
        ]
      },
      {
        "name": [
          "String",
          "Marseille"
        ],
        "coordinates": [
          "Vector2D",
          [
            420,
            564
          ]
        ],
        "neighbours": [
          {
            "city": [
              "String",
              "Barcelona"
            ],
            "routeColor": [
              "String",
              "wild"
            ],
            "routeLength": [
              "Integer",
              4
            ]
          },
          {
            "city": [
              "String",
              "Pamplona"
            ],
            "routeColor": [
              "String",
              "red"
            ],
            "routeLength": [
              "Integer",
              4
            ]
          },
          {
            "city": [
              "String",
              "Paris"
            ],
            "routeColor": [
              "String",
              "wild"
            ],
            "routeLength": [
              "Integer",
              4
            ]
          },
          {
            "city": [
              "String",
              "Zurich"
            ],
            "routeColor": [
              "String",
              "pink"
            ],
            "routeLength": [
              "Integer",
              2
            ]
          },
          {
            "city": [
              "String",
              "Roma"
            ],
            "routeColor": [
              "String",
              "wild"
            ],
            "routeLength": [
              "Integer",
              4
            ]
          }
        ]
      },
      {
        "name": [
          "String",
          "London"
        ],
        "coordinates": [
          "Vector2D",
          [
            274,
            240
          ]
        ],
        "neighbours": [
          {
            "city": [
              "String",
              "Dieppe"
            ],
            "routeColor": [
              "String",
              "wild"
            ],
            "routeLength": [
              "Integer",
              2
            ]
          },
		  {
            "city": [
              "String",
              "Dieppe"
            ],
            "routeColor": [
              "String",
              "wild"
            ],
            "routeLength": [
              "Integer",
              2
            ]
          },
          {
            "city": [
              "String",
              "Amsterdam"
            ],
            "routeColor": [
              "String",
              "wild"
            ],
            "routeLength": [
              "Integer",
              2
            ]
          },
          {
            "city": [
              "String",
              "Edinburgh"
            ],
            "routeColor": [
              "String",
              "black"
            ],
            "routeLength": [
              "Integer",
              4
            ]
          },
		  {
            "city": [
              "String",
              "Edinburgh"
            ],
            "routeColor": [
              "String",
              "orange"
            ],
            "routeLength": [
              "Integer",
              4
            ]
          }
        ]
      },
      {
        "name": [
          "String",
          "Berlin"
        ],
        "coordinates": [
          "Vector2D",
          [
            589,
            272
          ]
        ],
        "neighbours": [
          {
            "city": [
              "String",
              "Essen"
            ],
            "routeColor": [
              "String",
              "blue"
            ],
            "routeLength": [
              "Integer",
              2
            ]
          },
		            {
            "city": [
              "String",
              "Danzig"
            ],
            "routeColor": [
              "String",
              "wild"
            ],
            "routeLength": [
              "Integer",
              4
            ]
          },
		  {
            "city": [
              "String",
              "Warszawa"
            ],
            "routeColor": [
              "String",
              "pink"
            ],
            "routeLength": [
              "Integer",
              4
            ]
          },
		  {
            "city": [
              "String",
              "Warszawa"
            ],
            "routeColor": [
              "String",
              "yellow"
            ],
            "routeLength": [
              "Integer",
              4
            ]
          },
          {
            "city": [
              "String",
              "Wien"
            ],
            "routeColor": [
              "String",
              "green"
            ],
            "routeLength": [
              "Integer",
              3
            ]
          },
		  {
            "city": [
              "String",
              "Frankfurt"
            ],
            "routeColor": [
              "String",
              "red"
            ],
            "routeLength": [
              "Integer",
              3
            ]
          },
		  {
            "city": [
              "String",
              "Frankfurt"
            ],
            "routeColor": [
              "String",
              "black"
            ],
            "routeLength": [
              "Integer",
              3
            ]
          }
        ]
      },
      {
        "name": [
          "String",
          "Edinburgh"
        ],
        "coordinates": [
          "Vector2D",
          [
            199,
            70
          ]
        ],
        "neighbours": [
          {
            "city": [
              "String",
              "London"
            ],
            "routeColor": [
              "String",
              "orange"
            ],
            "routeLength": [
              "Integer",
              4
            ]
          },
		  {
            "city": [
              "String",
              "London"
            ],
            "routeColor": [
              "String",
              "black"
            ],
            "routeLength": [
              "Integer",
              4
            ]
          }
        ]
      },
      {
        "name": [
          "String",
          "Amsterdam"
        ],
        "coordinates": [
          "Vector2D",
          [
            384,
            246
          ]
        ],
        "neighbours": [
          {
            "city": [
              "String",
              "London"
            ],
            "routeColor": [
              "String",
              "wild"
            ],
            "routeLength": [
              "Integer",
              2
            ]
          },
		  {
            "city": [
              "String",
              "Essen"
            ],
            "routeColor": [
              "String",
              "yellow"
            ],
            "routeLength": [
              "Integer",
              3
            ]
          },
          {
            "city": [
              "String",
              "Frankfurt"
            ],
            "routeColor": [
              "String",
              "white"
            ],
            "routeLength": [
              "Integer",
              2
            ]
          },
		  {
            "city": [
              "String",
              "Bruxelles"
            ],
            "routeColor": [
              "String",
              "black"
            ],
            "routeLength": [
              "Integer",
              1
            ]
          }
        ]
      },
      {
        "name": [
          "String",
          "Pamplona"
        ],
        "coordinates": [
          "Vector2D",
          [
            246,
            567
          ]
        ],
        "neighbours": [
          {
            "city": [
              "String",
              "Madrid"
            ],
            "routeColor": [
              "String",
              "black"
            ],
            "routeLength": [
              "Integer",
              3
            ]
          },
		  {
            "city": [
              "String",
              "Madrid"
            ],
            "routeColor": [
              "String",
              "white"
            ],
            "routeLength": [
              "Integer",
              3
            ]
          },
		  {
            "city": [
              "String",
              "Brest"
            ],
            "routeColor": [
              "String",
              "pink"
            ],
            "routeLength": [
              "Integer",
              4
            ]
          },
          {
            "city": [
              "String",
              "Paris"
            ],
            "routeColor": [
              "String",
              "blue"
            ],
            "routeLength": [
              "Integer",
              4
            ]
          },
		  {
            "city": [
              "String",
              "Paris"
            ],
            "routeColor": [
              "String",
              "green"
            ],
            "routeLength": [
              "Integer",
              4
            ]
          },
		  {
            "city": [
              "String",
              "Marseille"
            ],
            "routeColor": [
              "String",
              "red"
            ],
            "routeLength": [
              "Integer",
              4
            ]
          },
          {
            "city": [
              "String",
              "Barcelona"
            ],
            "routeColor": [
              "String",
              "wild"
            ],
            "routeLength": [
              "Integer",
              2
            ]
          }
        ]
      },
      {
        "name": [
          "String",
          "Roma"
        ],
        "coordinates": [
          "Vector2D",
          [
            554,
            597
          ]
        ],
        "neighbours": [
          {
            "city": [
              "String",
              "Marseille"
            ],
            "routeColor": [
              "String",
              "wild"
            ],
            "routeLength": [
              "Integer",
              4
            ]
          },
		  {
            "city": [
              "String",
              "Venezia"
            ],
            "routeColor": [
              "String",
              "black"
            ],
            "routeLength": [
              "Integer",
              2
            ]
          },
          {
            "city": [
              "String",
              "Brindisi"
            ],
            "routeColor": [
              "String",
              "white"
            ],
            "routeLength": [
              "Integer",
              2
            ]
          },
		  {
            "city": [
              "String",
              "Palermo"
            ],
            "routeColor": [
              "String",
              "wild"
            ],
            "routeLength": [
              "Integer",
              4
            ]
          }
        ]
      },
      {
        "name": [
          "String",
          "Palermo"
        ],
        "coordinates": [
          "Vector2D",
          [
            597,
            747
          ]
        ],
        "neighbours": [
          {
            "city": [
              "String",
              "Roma"
            ],
            "routeColor": [
              "String",
              "wild"
            ],
            "routeLength": [
              "Integer",
              4
            ]
          },
		  {
            "city": [
              "String",
              "Brindisi"
            ],
            "routeColor": [
              "String",
              "wild"
            ],
            "routeLength": [
              "Integer",
              3
            ]
          },
          {
            "city": [
              "String",
              "Smyrna"
            ],
            "routeColor": [
              "String",
              "wild"
            ],
            "routeLength": [
              "Integer",
              6
            ]
          }
        ]
      },
      {
        "name": [
          "String",
          "Constantinople"
        ],
        "coordinates": [
          "Vector2D",
          [
            940,
            654
          ]
        ],
        "neighbours": [
          {
            "city": [
              "String",
              "Sofia"
            ],
            "routeColor": [
              "String",
              "blue"
            ],
            "routeLength": [
              "Integer",
              3
            ]
          },
          {
            "city": [
              "String",
              "Bucuresti"
            ],
            "routeColor": [
              "String",
              "yellow"
            ],
            "routeLength": [
              "Integer",
              3
            ]
          },
          {
            "city": [
              "String",
              "Sevastopol"
            ],
            "routeColor": [
              "String",
              "wild"
            ],
            "routeLength": [
              "Integer",
              4
            ]
          },
          {
            "city": [
              "String",
              "Angora"
            ],
            "routeColor": [
              "String",
              "wild"
            ],
            "routeLength": [
              "Integer",
              2
            ]
          },
          {
            "city": [
              "String",
              "Smyrna"
            ],
            "routeColor": [
              "String",
              "wild"
            ],
            "routeLength": [
              "Integer",
              2
            ]
          }
        ]
      },
      {
        "name": [
          "String",
          "Sarajevo"
        ],
        "coordinates": [
          "Vector2D",
          [
            737,
            575
          ]
        ],
        "neighbours": [
          {
            "city": [
              "String",
              "Zagrab"
            ],
            "routeColor": [
              "String",
              "red"
            ],
            "routeLength": [
              "Integer",
              3
            ]
          },
		  {
            "city": [
              "String",
              "Budapest"
            ],
            "routeColor": [
              "String",
              "pink"
            ],
            "routeLength": [
              "Integer",
              3
            ]
          },
          {
            "city": [
              "String",
              "Sofia"
            ],
            "routeColor": [
              "String",
              "wild"
            ],
            "routeLength": [
              "Integer",
              2
            ]
          },
		  {
            "city": [
              "String",
              "Athina"
            ],
            "routeColor": [
              "String",
              "green"
            ],
            "routeLength": [
              "Integer",
              4
            ]
          }
        ]
      },
      {
        "name": [
          "String",
          "Sevastopol"
        ],
        "coordinates": [
          "Vector2D",
          [
            1041,
            530
          ]
        ],
        "neighbours": [
          {
            "city": [
              "String",
              "Bucuresti"
            ],
            "routeColor": [
              "String",
              "white"
            ],
            "routeLength": [
              "Integer",
              4
            ]
          },
          {
            "city": [
              "String",
              "Rostov"
            ],
            "routeColor": [
              "String",
              "wild"
            ],
            "routeLength": [
              "Integer",
              4
            ]
          },
          {
            "city": [
              "String",
              "Sochi"
            ],
            "routeColor": [
              "String",
              "wild"
            ],
            "routeLength": [
              "Integer",
              2
            ]
          },
          {
            "city": [
              "String",
              "Erzurum"
            ],
            "routeColor": [
              "String",
              "wild"
            ],
            "routeLength": [
              "Integer",
              4
            ]
          },
          {
            "city": [
              "String",
              "Constantinople"
            ],
            "routeColor": [
              "String",
              "wild"
            ],
            "routeLength": [
              "Integer",
              4
            ]
          }
        ]
      },
      {
        "name": [
          "String",
          "Madrid"
        ],
        "coordinates": [
          "Vector2D",
          [
            130,
            664
          ]
        ],
        "neighbours": [
          {
            "city": [
              "String",
              "Lisboa"
            ],
            "routeColor": [
              "String",
              "pink"
            ],
            "routeLength": [
              "Integer",
              3
            ]
          },
          {
            "city": [
              "String",
              "Cadiz"
            ],
            "routeColor": [
              "String",
              "orange"
            ],
            "routeLength": [
              "Integer",
              3
            ]
          },
          {
            "city": [
              "String",
              "Pamplona"
            ],
            "routeColor": [
              "String",
              "black"
            ],
            "routeLength": [
              "Integer",
              3
            ]
          },
		  {
            "city": [
              "String",
              "Pamplona"
            ],
            "routeColor": [
              "String",
              "white"
            ],
            "routeLength": [
              "Integer",
              3
            ]
          },
          {
            "city": [
              "String",
              "Barcelona"
            ],
            "routeColor": [
              "String",
              "yellow"
            ],
            "routeLength": [
              "Integer",
              2
            ]
          }
        ]
      },
      {
        "name": [
          "String",
          "Dieppe"
        ],
        "coordinates": [
          "Vector2D",
          [
            262,
            345
          ]
        ],
        "neighbours": [
          {
            "city": [
              "String",
              "London"
            ],
            "routeColor": [
              "String",
              "wild"
            ],
            "routeLength": [
              "Integer",
              2
            ]
          },
		  {
            "city": [
              "String",
              "London"
            ],
            "routeColor": [
              "String",
              "wild"
            ],
            "routeLength": [
              "Integer",
              2
            ]
          },
		  {
            "city": [
              "String",
              "Bruxelles"
            ],
            "routeColor": [
              "String",
              "green"
            ],
            "routeLength": [
              "Integer",
              2
            ]
          },
		  {
            "city": [
              "String",
              "Paris"
            ],
            "routeColor": [
              "String",
              "pink"
            ],
            "routeLength": [
              "Integer",
              1
            ]
          },
          {
            "city": [
              "String",
              "Brest"
            ],
            "routeColor": [
              "String",
              "orange"
            ],
            "routeLength": [
              "Integer",
              2
            ]
          }
        ]
      },
      {
        "name": [
          "String",
          "Barcelona"
        ],
        "coordinates": [
          "Vector2D",
          [
            260,
            674
          ]
        ],
        "neighbours": [
          {
            "city": [
              "String",
              "Madrid"
            ],
            "routeColor": [
              "String",
              "yellow"
            ],
            "routeLength": [
              "Integer",
              2
            ]
          },
          {
            "city": [
              "String",
              "Pamplona"
            ],
            "routeColor": [
              "String",
              "wild"
            ],
            "routeLength": [
              "Integer",
              2
            ]
          },
          {
            "city": [
              "String",
              "Marseille"
            ],
            "routeColor": [
              "String",
              "wild"
            ],
            "routeLength": [
              "Integer",
              4
            ]
          }
        ]
      },
      {
        "name": [
          "String",
          "Bruxelles"
        ],
        "coordinates": [
          "Vector2D",
          [
            356,
            299
          ]
        ],
        "neighbours": [
          {
            "city": [
              "String",
              "Dieppe"
            ],
            "routeColor": [
              "String",
              "green"
            ],
            "routeLength": [
              "Integer",
              2
            ]
          },
		  {
            "city": [
              "String",
              "Amsterdam"
            ],
            "routeColor": [
              "String",
              "black"
            ],
            "routeLength": [
              "Integer",
              1
            ]
          },
          {
            "city": [
              "String",
              "Frankfurt"
            ],
            "routeColor": [
              "String",
              "blue"
            ],
            "routeLength": [
              "Integer",
              2
            ]
          },
		  {
            "city": [
              "String",
              "Paris"
            ],
            "routeColor": [
              "String",
              "yellow"
            ],
            "routeLength": [
              "Integer",
              2
            ]
          },
          {
            "city": [
              "String",
              "Paris"
            ],
            "routeColor": [
              "String",
              "red"
            ],
            "routeLength": [
              "Integer",
              2
            ]
          }
        ]
      },
      {
        "name": [
          "String",
          "Wien"
        ],
        "coordinates": [
          "Vector2D",
          [
            654,
            406
          ]
        ],
        "neighbours": [
          {
            "city": [
              "String",
              "Berlin"
            ],
            "routeColor": [
              "String",
              "green"
            ],
            "routeLength": [
              "Integer",
              3
            ]
          },
		  {
            "city": [
              "String",
              "Warszawa"
            ],
            "routeColor": [
              "String",
              "blue"
            ],
            "routeLength": [
              "Integer",
              4
            ]
          },
          {
            "city": [
              "String",
              "Budapest"
            ],
            "routeColor": [
              "String",
              "red"
            ],
            "routeLength": [
              "Integer",
              1
            ]
          },
		  {
            "city": [
              "String",
              "Budapest"
            ],
            "routeColor": [
              "String",
              "white"
            ],
            "routeLength": [
              "Integer",
              1
            ]
          },
          {
            "city": [
              "String",
              "Zagrab"
            ],
            "routeColor": [
              "String",
              "wild"
            ],
            "routeLength": [
              "Integer",
              2
            ]
          },
          {
            "city": [
              "String",
              "Munchen"
            ],
            "routeColor": [
              "String",
              "orange"
            ],
            "routeLength": [
              "Integer",
              3
            ]
          }
        ]
      },
      {
        "name": [
          "String",
          "Munchen"
        ],
        "coordinates": [
          "Vector2D",
          [
            526,
            386
          ]
        ],
        "neighbours": [
          {
            "city": [
              "String",
              "Frankfurt"
            ],
            "routeColor": [
              "String",
              "pink"
            ],
            "routeLength": [
              "Integer",
              2
            ]
          },
		  {
            "city": [
              "String",
              "Wien"
            ],
            "routeColor": [
              "String",
              "orange"
            ],
            "routeLength": [
              "Integer",
              3
            ]
          },
          {
            "city": [
              "String",
              "Venezia"
            ],
            "routeColor": [
              "String",
              "blue"
            ],
            "routeLength": [
              "Integer",
              2
            ]
          },
		  {
            "city": [
              "String",
              "Zurich"
            ],
            "routeColor": [
              "String",
              "yellow"
            ],
            "routeLength": [
              "Integer",
              2
            ]
          }
        ]
      },
      {
        "name": [
          "String",
          "Venezia"
        ],
        "coordinates": [
          "Vector2D",
          [
            546,
            496
          ]
        ],
        "neighbours": [
          {
            "city": [
              "String",
              "Munchen"
            ],
            "routeColor": [
              "String",
              "blue"
            ],
            "routeLength": [
              "Integer",
              2
            ]
          },
          {
            "city": [
              "String",
              "Zagrab"
            ],
            "routeColor": [
              "String",
              "wild"
            ],
            "routeLength": [
              "Integer",
              2
            ]
          },
          {
            "city": [
              "String",
              "Roma"
            ],
            "routeColor": [
              "String",
              "black"
            ],
            "routeLength": [
              "Integer",
              2
            ]
          },
          {
            "city": [
              "String",
              "Zurich"
            ],
            "routeColor": [
              "String",
              "green"
            ],
            "routeLength": [
              "Integer",
              2
            ]
          }
        ]
      },
      {
        "name": [
          "String",
          "Essen"
        ],
        "coordinates": [
          "Vector2D",
          [
            477,
            256
          ]
        ],
        "neighbours": [
          {
            "city": [
              "String",
              "Amsterdam"
            ],
            "routeColor": [
              "String",
              "yellow"
            ],
            "routeLength": [
              "Integer",
              3
            ]
          },
          {
            "city": [
              "String",
              "Kobenhavn"
            ],
            "routeColor": [
              "String",
              "wild"
            ],
            "routeLength": [
              "Integer",
              3
            ]
          },
		  {
            "city": [
              "String",
              "Kobenhavn"
            ],
            "routeColor": [
              "String",
              "wild"
            ],
            "routeLength": [
              "Integer",
              3
            ]
          },
          {
            "city": [
              "String",
              "Berlin"
            ],
            "routeColor": [
              "String",
              "blue"
            ],
            "routeLength": [
              "Integer",
              2
            ]
          },
          {
            "city": [
              "String",
              "Frankfurt"
            ],
            "routeColor": [
              "String",
              "green"
            ],
            "routeLength": [
              "Integer",
              2
            ]
          }
        ]
      },
      {
        "name": [
          "String",
          "Sochi"
        ],
        "coordinates": [
          "Vector2D",
          [
            1143,
            548
          ]
        ],
        "neighbours": [
          {
            "city": [
              "String",
              "Sevastopol"
            ],
            "routeColor": [
              "String",
              "wild"
            ],
            "routeLength": [
              "Integer",
              2
            ]
          },
          {
            "city": [
              "String",
              "Rostov"
            ],
            "routeColor": [
              "String",
              "wild"
            ],
            "routeLength": [
              "Integer",
              2
            ]
          },
          {
            "city": [
              "String",
              "Erzurum"
            ],
            "routeColor": [
              "String",
              "red"
            ],
            "routeLength": [
              "Integer",
              3
            ]
          }
        ]
      },
      {
        "name": [
          "String",
          "Bucuresti"
        ],
        "coordinates": [
          "Vector2D",
          [
            883,
            514
          ]
        ],
        "neighbours": [
          {
            "city": [
              "String",
              "Budapest"
            ],
            "routeColor": [
              "String",
              "wild"
            ],
            "routeLength": [
              "Integer",
              4
            ]
          },
          {
            "city": [
              "String",
              "Kyiv"
            ],
            "routeColor": [
              "String",
              "wild"
            ],
            "routeLength": [
              "Integer",
              4
            ]
          },
          {
            "city": [
              "String",
              "Sevastopol"
            ],
            "routeColor": [
              "String",
              "white"
            ],
            "routeLength": [
              "Integer",
              4
            ]
          },
          {
            "city": [
              "String",
              "Constantinople"
            ],
            "routeColor": [
              "String",
              "yellow"
            ],
            "routeLength": [
              "Integer",
              3
            ]
          },
          {
            "city": [
              "String",
              "Sofia"
            ],
            "routeColor": [
              "String",
              "wild"
            ],
            "routeLength": [
              "Integer",
              2
            ]
          }
        ]
      },
      {
        "name": [
          "String",
          "Danzig"
        ],
        "coordinates": [
          "Vector2D",
          [
            719,
            183
          ]
        ],
        "neighbours": [
          {
            "city": [
              "String",
              "Berlin"
            ],
            "routeColor": [
              "String",
              "wild"
            ],
            "routeLength": [
              "Integer",
              4
            ]
          },
          {
            "city": [
              "String",
              "Riga"
            ],
            "routeColor": [
              "String",
              "black"
            ],
            "routeLength": [
              "Integer",
              3
            ]
          },
          {
            "city": [
              "String",
              "Warszawa"
            ],
            "routeColor": [
              "String",
              "wild"
            ],
            "routeLength": [
              "Integer",
              2
            ]
          }
        ]
      },
      {
        "name": [
          "String",
          "Wilno"
        ],
        "coordinates": [
          "Vector2D",
          [
            903,
            234
          ]
        ],
        "neighbours": [
          {
            "city": [
              "String",
              "Riga"
            ],
            "routeColor": [
              "String",
              "green"
            ],
            "routeLength": [
              "Integer",
              4
            ]
          },
          {
            "city": [
              "String",
              "Petrograd"
            ],
            "routeColor": [
              "String",
              "blue"
            ],
            "routeLength": [
              "Integer",
              4
            ]
          },
          {
            "city": [
              "String",
              "Smolensk"
            ],
            "routeColor": [
              "String",
              "yellow"
            ],
            "routeLength": [
              "Integer",
              3
            ]
          },
          {
            "city": [
              "String",
              "Kyiv"
            ],
            "routeColor": [
              "String",
              "wild"
            ],
            "routeLength": [
              "Integer",
              2
            ]
          },
          {
            "city": [
              "String",
              "Warszawa"
            ],
            "routeColor": [
              "String",
              "red"
            ],
            "routeLength": [
              "Integer",
              3
            ]
          }
        ]
      },
      {
        "name": [
          "String",
          "Stockholm"
        ],
        "coordinates": [
          "Vector2D",
          [
            676,
            45
          ]
        ],
        "neighbours": [
          {
            "city": [
              "String",
              "Kobenhavn"
            ],
            "routeColor": [
              "String",
              "yellow"
            ],
            "routeLength": [
              "Integer",
              3
            ]
          },
		  {
            "city": [
              "String",
              "Kobenhavn"
            ],
            "routeColor": [
              "String",
              "white"
            ],
            "routeLength": [
              "Integer",
              3
            ]
          },
          {
            "city": [
              "String",
              "Petrograd"
            ],
            "routeColor": [
              "String",
              "wild"
            ],
            "routeLength": [
              "Integer",
              8
            ]
          }
        ]
      },
      {
        "name": [
          "String",
          "Kharkov"
        ],
        "coordinates": [
          "Vector2D",
          [
            1104,
            382
          ]
        ],
        "neighbours": [
          {
            "city": [
              "String",
              "Kyiv"
            ],
            "routeColor": [
              "String",
              "wild"
            ],
            "routeLength": [
              "Integer",
              4
            ]
          },
		  {
            "city": [
              "String",
              "Moskva"
            ],
            "routeColor": [
              "String",
              "wild"
            ],
            "routeLength": [
              "Integer",
              4
            ]
          },
          {
            "city": [
              "String",
              "Rostov"
            ],
            "routeColor": [
              "String",
              "green"
            ],
            "routeLength": [
              "Integer",
              2
            ]
          }
        ]
      },
      {
        "name": [
          "String",
          "Riga"
        ],
        "coordinates": [
          "Vector2D",
          [
            816,
            80
          ]
        ],
        "neighbours": [
          {
            "city": [
              "String",
              "Danzig"
            ],
            "routeColor": [
              "String",
              "black"
            ],
            "routeLength": [
              "Integer",
              3
            ]
          },
		  {
            "city": [
              "String",
              "Petrograd"
            ],
            "routeColor": [
              "String",
              "wild"
            ],
            "routeLength": [
              "Integer",
              4
            ]
          },
          {
            "city": [
              "String",
              "Wilno"
            ],
            "routeColor": [
              "String",
              "green"
            ],
            "routeLength": [
              "Integer",
              4
            ]
          }
        ]
      },
      {
        "name": [
          "String",
          "Moskva"
        ],
        "coordinates": [
          "Vector2D",
          [
            1118,
            211
          ]
        ],
        "neighbours": [
          {
            "city": [
              "String",
              "Smolensk"
            ],
            "routeColor": [
              "String",
              "orange"
            ],
            "routeLength": [
              "Integer",
              2
            ]
          },
		  {
            "city": [
              "String",
              "Petrograd"
            ],
            "routeColor": [
              "String",
              "white"
            ],
            "routeLength": [
              "Integer",
              4
            ]
          },
          {
            "city": [
              "String",
              "Kharkov"
            ],
            "routeColor": [
              "String",
              "wild"
            ],
            "routeLength": [
              "Integer",
              4
            ]
          }
        ]
      },
      {
        "name": [
          "String",
          "Lisboa"
        ],
        "coordinates": [
          "Vector2D",
          [
            57,
            690
          ]
        ],
        "neighbours": [
          {
            "city": [
              "String",
              "Madrid"
            ],
            "routeColor": [
              "String",
              "pink"
            ],
            "routeLength": [
              "Integer",
              3
            ]
          },
		  {
            "city": [
              "String",
              "Cadiz"
            ],
            "routeColor": [
              "String",
              "blue"
            ],
            "routeLength": [
              "Integer",
              2
            ]
          }
        ]
      }
	  ,
      {
        "name": [
          "String",
          "Cadiz"
        ],
        "coordinates": [
          "Vector2D",
          [
            132,
            745
          ]
        ],
        "neighbours": [
          {
            "city": [
              "String",
              "Madrid"
            ],
            "routeColor": [
              "String",
              "orange"
            ],
            "routeLength": [
              "Integer",
              3
            ]
          },
		  {
            "city": [
              "String",
              "Lisboa"
            ],
            "routeColor": [
              "String",
              "blue"
            ],
            "routeLength": [
              "Integer",
              2
            ]
          }
        ]
      }
    ]
  }
]
